"Promotion ID","Advertiser","Advertiser ID","Type","Code","Description","Starts","Ends","Categories","Regions","Terms","Deeplink Tracking","Deeplink","Commission Groups","Commission","Exclusive","Date Added","Title","Campaign"
"4044061","Aliexpress BR & LATAM","18879","voucher","AEBR5","R$723 - Smartphone Samsung A07 128GB Preto com cupom AEBR5","04/08/2026 00:00:00","04/08/2026 23:59:59","Mobile Phones","Brazil","..","https://www.awin1.com/cread.php?awinmid=18879&awinaffid=2104315&ued=https%3A%2F%2Fpt.aliexpress.com%2Fitem%2F1005010101287412.html","https://pt.aliexpress.com/item/1005010101287412.html","","","no","04/08/2026 16:34:29","R$723 - Smartphone Samsung A07 128GB Preto com cupom AEBR5",""
"4044059","Aliexpress BR & LATAM","18879","voucher","BRAE7","R$1637 - Smartphone Samsung Galaxy A57 128GB com cupom BRAE7 e parcelamento em até 12x sem juros","04/08/2026 00:00:00","04/08/2026 23:59:59","Mobile Phones","Brazil","..","https://www.awin1.com/cread.php?awinmid=18879&awinaffid=2104315&ued=https%3A%2F%2Fpt.aliexpress.com%2Fitem%2F1005012542010741.html","https://pt.aliexpress.com/item/1005012542010741.html","","","no","04/08/2026 16:34:20","R$1637 - Smartphone Samsung Galaxy A57 128GB com cupom BRAE7 e parcelamento em até 12x sem juros",""
"4043395","Aliexpress BR & LATAM","18879","voucher","BRAE1","R$325.57 - Monitor portátil Amoudo 15.6 polegadas Full HD 1920x1080 IPS com suporte VESA e Mini HDMI usando o cupom BRAE1","04/08/2026 00:00:00","04/08/2026 23:59:59","Laptops","Brazil","..","https://www.awin1.com/cread.php?awinmid=18879&awinaffid=2104315&ued=https%3A%2F%2Fpt.aliexpress.com%2Fitem%2F1005010580261575.html","https://pt.aliexpress.com/item/1005010580261575.html","","","no","04/08/2026 13:01:00","R$325.57 - Monitor portátil Amoudo 15.6 polegadas Full HD 1920x1080 IPS com suporte VESA e Mini HDMI usando o cupom BRAE1",""
"4043387","Mizuno BR","51271","promotion","","Blue Sale Vestuário - Compre 2 e Ganhe 15% de Desconto","04/08/2026 00:00:00","09/08/2026 23:59:59","Clothing & Accessories","Brazil","...","https://www.awin1.com/cread.php?awinmid=51271&awinaffid=2104315&ued=https%3A%2F%2Fwww.mizuno.com.br%2Fblue-sale-vestuario","https://www.mizuno.com.br/blue-sale-vestuario","","","no","04/08/2026 13:00:44","Blue Sale Vestuário - Compre 2 e Ganhe 15% de Desconto",""
"4043381","Mizuno BR","51271","promotion","","Blue Sale Vestuário - Compre 2 e Ganhe 15% de Desconto","04/08/2026 00:00:00","09/08/2026 23:59:59","Clothing & Accessories","Brazil","...","https://www.awin1.com/cread.php?awinmid=51271&awinaffid=2104315&ued=https%3A%2F%2Fwww.mizuno.com.br%2Fblue-sale-vestuario","https://www.mizuno.com.br/blue-sale-vestuario","","","no","04/08/2026 13:00:11","Blue Sale Vestuário - Compre 2 e Ganhe 15% de Desconto",""
"4043375","Aliexpress BR & LATAM","18879","voucher","BRAE8","R$2373 - Tablet Samsung Galaxy Tab S10 FE com Capa e Caneta S Pen 8GB RAM 128GB 10.9 Android 15 Exynos 1580 Wi‑Fi com cupom BRAE8 e parcelamento em até 12x sem juros","04/08/2026 00:00:00","04/08/2026 23:59:59","Mobile Phones","Brazil","..","https://www.awin1.com/cread.php?awinmid=18879&awinaffid=2104315&ued=https%3A%2F%2Fpt.aliexpress.com%2Fitem%2F1005008889983958.html","https://pt.aliexpress.com/item/1005008889983958.html","","","no","04/08/2026 12:59:58","R$2373 - Tablet Samsung Galaxy Tab S10 FE com Capa e Caneta S Pen 8GB RAM 128GB 10.9 Android 15 Exynos 1580 Wi‑Fi com cupom BRAE8 e parcelamento em até 12x sem juros",""
"4043379","Mizuno BR","51271","promotion","","Blue Sale - Até 60% Off + 10% Off no Pix + Frete Grátis","04/08/2026 00:00:00","09/08/2026 23:59:59","Clothing & Accessories","Brazil","...","https://www.awin1.com/cread.php?awinmid=51271&awinaffid=2104315&ued=https%3A%2F%2Fwww.mizuno.com.br%2Fblue-sale","https://www.mizuno.com.br/blue-sale","","","no","04/08/2026 12:59:58","Blue Sale - Até 60% Off + 10% Off no Pix + Frete Grátis",""
"4043367","Aliexpress BR & LATAM","18879","voucher","BRAE9","R$4179 - Samsung Galaxy S26 Azul 5G 256GB com cupom BRAE9 e parcelamento em até 12x sem juros","04/08/2026 00:00:00","04/08/2026 23:59:59","Mobile Phones","Brazil","..","https://www.awin1.com/cread.php?awinmid=18879&awinaffid=2104315&ued=https%3A%2F%2Fpt.aliexpress.com%2Fitem%2F1005012044294940.html","https://pt.aliexpress.com/item/1005012044294940.html","","","no","04/08/2026 12:59:38","R$4179 - Samsung Galaxy S26 Azul 5G 256GB com cupom BRAE9 e parcelamento em até 12x sem juros",""
"4043369","Mizuno BR","51271","promotion","","Blue Sale - Cupons de R$40 e R$80 Off","04/08/2026 00:00:00","09/08/2026 23:59:59","Clothing & Accessories","Brazil","...","https://www.awin1.com/cread.php?awinmid=51271&awinaffid=2104315&ued=https%3A%2F%2Fwww.mizuno.com.br%2Fblue-sale-desconto","https://www.mizuno.com.br/blue-sale-desconto","","","no","04/08/2026 12:59:38","Blue Sale - Cupons de R$40 e R$80 Off",""
"4043307","Fastshop BR","17590","promotion","","Campanha 8 do 8","04/08/2026 00:00:00","08/08/2026 23:59:59","Home Appliances","Brazil","..","https://www.awin1.com/cread.php?awinmid=17590&awinaffid=2104315&ued=https%3A%2F%2Fsite.fastshop.com.br%2F","https://site.fastshop.com.br/","","","no","04/08/2026 12:33:04","Campanha 8 do 8",""
"4043299","Fastshop BR","17590","promotion","","Ar Condicionado Inverter Hisense Split Hi Wall Wi-fi 24000 Btus Quente/frio 220v","04/08/2026 00:00:00","31/08/2026 14:05:00","Home Appliances","Brazil","..","https://www.awin1.com/cread.php?awinmid=17590&awinaffid=2104315&ued=https%3A%2F%2Ffastshopbr.vtex.app%2Far-condicionado-inverter-hisense-split-hi-wall-wi-fi-24000-btus-quente-frio-220v-152157-161918%2Fp","https://fastshopbr.vtex.app/ar-condicionado-inverter-hisense-split-hi-wall-wi-fi-24000-btus-quente-frio-220v-152157-161918/p","","","no","04/08/2026 12:32:52","Ar Condicionado Inverter Hisense Split Hi Wall Wi-fi 24000 Btus Quente/frio 220v",""
"4043293","Fastshop BR","17590","promotion","","AR CONDICIONADO CONSUL TRIPLE INVERTER ECONOMAXI SPLIT FRIO 18.000 BTU'S 220V","04/08/2026 00:00:00","31/08/2026 14:05:00","Home Appliances","Brazil","..","https://www.awin1.com/cread.php?awinmid=17590&awinaffid=2104315&ued=https%3A%2F%2Ffastshopbr.vtex.app%2Far-condicionado-consul-triple-inverter-economaxi-split-frio-18-000-btu-s-220v-173434-183648%2Fp","https://fastshopbr.vtex.app/ar-condicionado-consul-triple-inverter-economaxi-split-frio-18-000-btu-s-220v-173434-183648/p","","","no","04/08/2026 12:32:40","AR CONDICIONADO CONSUL TRIPLE INVERTER ECONOMAXI SPLIT FRIO 18.000 BTU'S 220V",""
"4043289","Fastshop BR","17590","promotion","","Ar Condicionado Consul Triple Inverter Economaxi Split Frio 12.000 Btu's Bivolt","04/08/2026 00:00:00","31/08/2026 14:05:00","Home Appliances","Brazil","..","https://www.awin1.com/cread.php?awinmid=17590&awinaffid=2104315&ued=https%3A%2F%2Ffastshopbr.vtex.app%2Far-condicionado-consul-triple-inverter-economaxi-split-frio-12-000-btu-s-bivolt-158729-168831%2Fp","https://fastshopbr.vtex.app/ar-condicionado-consul-triple-inverter-economaxi-split-frio-12-000-btu-s-bivolt-158729-168831/p","","","no","04/08/2026 12:32:29","Ar Condicionado Consul Triple Inverter Economaxi Split Frio 12.000 Btu's Bivolt",""
"4041301","Fastshop BR","17590","voucher","DEZOFF","10% OFF em itens selecionados da coleção participante usando o cupom DEZOFF aproveite a oferta especial por tempo limitado","03/08/2026 00:00:00","13/08/2026 23:59:59","Home Appliances","Brazil","..","https://www.awin1.com/cread.php?awinmid=17590&awinaffid=2104315&ued=https%3A%2F%2Fsite.fastshop.com.br%2Fcolecao%2F4344","https://site.fastshop.com.br/colecao/4344","","","no","03/08/2026 16:49:41","10% OFF em itens selecionados da coleção participante usando o cupom DEZOFF aproveite a oferta especial por tempo limitado",""
"4041297","C&A BR","17648","voucher","FESTIVAL20","Itens de Beleza Até 70% OFF + 20% OFF Extra","03/08/2026 00:00:00","10/08/2026 12:00:00","Clothing & Accessories","Brazil","..","https://www.awin1.com/cread.php?awinmid=17648&awinaffid=2104315&ued=https%3A%2F%2Fwww.cea.com.br%2Fbeleza%2Fofertas%2Fsemana-da-beleza","https://www.cea.com.br/beleza/ofertas/semana-da-beleza","","","no","03/08/2026 16:49:03","Itens de Beleza Até 70% OFF + 20% OFF Extra",""
"4041295","C&A BR","17648","voucher","ESPORTIVO60","60% Off na Segunda Peça Esportiva","03/08/2026 00:00:00","10/08/2026 12:00:00","Clothing & Accessories","Brazil","..","https://www.awin1.com/cread.php?awinmid=17648&awinaffid=2104315&ued=https%3A%2F%2Fwww.cea.com.br%2Fofertas%2Fachadinhos-da-semana","https://www.cea.com.br/ofertas/achadinhos-da-semana","","","no","03/08/2026 16:48:45","60% Off na Segunda Peça Esportiva",""
"4041293","C&A BR","17648","voucher","8DO8","8DO8 Antecipado! Até 50% + 30% Extra","03/08/2026 00:00:00","10/08/2026 10:00:00","Clothing & Accessories","Brazil","..","https://www.awin1.com/cread.php?awinmid=17648&awinaffid=2104315&ued=https%3A%2F%2Fwww.cea.com.br%2Fofertas%2F08-08","https://www.cea.com.br/ofertas/08-08","","","no","03/08/2026 16:48:35","8DO8 Antecipado! Até 50% + 30% Extra",""
"4041291","Nike BR","17652","voucher","CASUAL20","20% OFF em produtos casuais selecionados usando o cupom CASUAL20 aproveite descontos especiais em itens participantes da campanha por tempo limitado","03/08/2026 14:00:00","05/08/2026 23:59:59","Clothing & Accessories","Brazil","..","https://www.awin1.com/cread.php?awinmid=17652&awinaffid=2104315&ued=https%3A%2F%2Fwww.nike.com.br%2Fhotsite%2Fcasual20","https://www.nike.com.br/hotsite/casual20","","","no","03/08/2026 16:48:24","20% OFF em produtos casuais selecionados usando o cupom CASUAL20 aproveite descontos especiais em itens participantes da campanha por tempo limitado",""
"4041089","Fastshop BR","17590","promotion","","Ar Condicionado Split Cassete Inverter Eco Elgin 48000 Btus R-32 Frio 220V Monofásico 45KVFI48C2NA","03/08/2026 00:00:00","07/08/2026 23:59:59","Home Appliances","Brazil","...","https://www.awin1.com/cread.php?awinmid=17590&awinaffid=2104315&ued=https%3A%2F%2Fsite.fastshop.com.br%2Far-condicionado-split-cassete-inverter-eco-elgin-48000-btus-r-32-frio-220v-monofasico-45kvfi48c2na-64678%2Fp","https://site.fastshop.com.br/ar-condicionado-split-cassete-inverter-eco-elgin-48000-btus-r-32-frio-220v-monofasico-45kvfi48c2na-64678/p","","","no","03/08/2026 15:10:38","Ar Condicionado Split Cassete Inverter Eco Elgin 48000 Btus R-32 Frio 220V Monofásico 45KVFI48C2NA",""
"4038513","Brinox Shop BR","25279","voucher","ESTADAOBRINOX","15% OFF para parceiros Estadão","06/08/2026 00:00:00","13/08/2026 23:59:00","Cookware & Utensils","Brazil",".","https://www.awin1.com/cread.php?awinmid=25279&awinaffid=2104315&ued=https%3A%2F%2Fwww.brinox.com.br%2F","https://www.brinox.com.br/","","","no","31/07/2026 13:40:37","15% OFF para parceiros Estadão",""
"4038055","Fastshop BR","17590","voucher","YOGA300","R$300 OFF no Notebook Lenovo Yoga Slim 7i Intel Core Ultra 5","31/07/2026 00:00:00","31/08/2026 23:00:00","Home & Garden","Brazil","..","https://www.awin1.com/cread.php?awinmid=17590&awinaffid=2104315&ued=https%3A%2F%2Fsite.fastshop.com.br%2Fcolecao%2F4278","https://site.fastshop.com.br/colecao/4278","","","no","31/07/2026 13:03:31","R$300 OFF no Notebook Lenovo Yoga Slim 7i Intel Core Ultra 5",""
"4038051","Fastshop BR","17590","voucher","EDGE600","R$1000 OFF no Motorola Edge 70, 5G, Gadget Gray","31/07/2026 00:00:00","16/08/2026 23:00:00","Home & Garden","Brazil","..","https://www.awin1.com/cread.php?awinmid=17590&awinaffid=2104315&ued=https%3A%2F%2Fsite.fastshop.com.br%2Fcolecao%2F4319","https://site.fastshop.com.br/colecao/4319","","","no","31/07/2026 13:03:21","R$1000 OFF no Motorola Edge 70, 5G, Gadget Gray",""
"4038047","Fastshop BR","17590","voucher","EDGE1000","R$1000 OFF no Motorola Edge 70 5G Crystals","31/07/2026 00:00:00","16/08/2026 23:00:00","Home & Garden","Brazil","..","https://www.awin1.com/cread.php?awinmid=17590&awinaffid=2104315&ued=https%3A%2F%2Fsite.fastshop.com.br%2Fcolecao%2F3910","https://site.fastshop.com.br/colecao/3910","","","no","31/07/2026 13:03:10","R$1000 OFF no Motorola Edge 70 5G Crystals",""
"4038041","Fastshop BR","17590","voucher","SIGNATURE2700","R$2700 no Signature Motrorola","31/07/2026 00:00:00","16/08/2026 23:00:00","Home & Garden","Brazil","..","https://www.awin1.com/cread.php?awinmid=17590&awinaffid=2104315&ued=https%3A%2F%2Fsite.fastshop.com.br%2Fcolecao%2F3909","https://site.fastshop.com.br/colecao/3909","","","no","31/07/2026 13:03:00","R$2700 no Signature Motrorola",""
"4038037","Fastshop BR","17590","voucher","BRINOX5","5% OFF em itens selecinados Brinox","01/08/2026 00:00:00","31/08/2026 23:00:00","Home & Garden","Brazil","..","https://www.awin1.com/cread.php?awinmid=17590&awinaffid=2104315&ued=https%3A%2F%2Fsite.fastshop.com.br%2Fcolecao%2F4192","https://site.fastshop.com.br/colecao/4192","","","no","31/07/2026 13:02:50","5% OFF em itens selecinados Brinox",""
"4038035","Fastshop BR","17590","voucher","ART5 ","5% OFF em itens selecinados Artmobilia","31/07/2026 00:00:00","31/08/2026 23:00:00","Home & Garden","Brazil","..","https://www.awin1.com/cread.php?awinmid=17590&awinaffid=2104315&ued=https%3A%2F%2Fsite.fastshop.com.br%2Fcolecao%2F4286","https://site.fastshop.com.br/colecao/4286","","","no","31/07/2026 13:02:38","5% OFF em itens selecinados Artmobilia",""
"4038031","Fastshop BR","17590","voucher","MULTI5","5% OFF em itens selecinados Multi","31/07/2026 00:00:00","31/08/2026 23:00:00","Home & Garden","Brazil","..","https://www.awin1.com/cread.php?awinmid=17590&awinaffid=2104315&ued=https%3A%2F%2Fsite.fastshop.com.br%2Fcolecao%2F4331","https://site.fastshop.com.br/colecao/4331","","","no","31/07/2026 13:02:26","5% OFF em itens selecinados Multi",""
"4038025","Under Armour BR","18864","promotion","","Lancamento tenis de treino Tribase Reps 3 ideal para treinos e alta performance","31/07/2026 00:00:00","27/09/2026 23:59:59","Clothing & Accessories","Brazil","..","https://www.awin1.com/cread.php?awinmid=18864&awinaffid=2104315&ued=https%3A%2F%2Fwww.underarmour.com.br%2Freps","https://www.underarmour.com.br/reps","","","no","31/07/2026 13:01:52","Lancamento tenis de treino Tribase Reps 3 ideal para treinos e alta performance",""
"4037809","REVO","127003","promotion","","REVO Face Genie is a medical-grade LED light therapy mask that improves skin tone, boosts collagen, and reduces fine lines. REVO Face Genie currently ON SALE with 54% OFF!","31/07/2026 04:00:00","01/09/2026 03:59:00","Cosmetics,Skincare,Electronic Gadgets,Personalised Gifts","United States of America","All promotional activities are accepted, except media buying involving REVO brand keywords.","https://www.awin1.com/cread.php?awinmid=127003&awinaffid=2104315&campaign=revo+face+genie+sale&ued=https%3A%2F%2Frevomadic.com%2Fproducts%2Frevo-face-genie","https://revomadic.com/products/revo-face-genie","","","no","31/07/2026 11:40:49","REVO Face Genie Sale (54% OFF)","revo face genie sale"
"4035679","Arno BR","108626","promotion","","Jogo de Panelas Tefal Refresh Ceramic Cinza 6 Peças + 3 Acessórios","03/08/2026 00:00:00","09/08/2026 23:59:59","Home & Garden","Brazil","...","https://www.awin1.com/cread.php?awinmid=108626&awinaffid=2104315&ued=https%3A%2F%2Fwww.arno.com.br%2Fjogo-de-panelas-tefal-refresh-ceramic-cinza-6-pecas-3-acessorios-9295307020%2Fp","https://www.arno.com.br/jogo-de-panelas-tefal-refresh-ceramic-cinza-6-pecas-3-acessorios-9295307020/p","","","no","30/07/2026 12:52:47","Jogo de Panelas Tefal Refresh Ceramic Cinza 6 Peças + 3 Acessórios",""
"4035673","Arno BR","108626","promotion","","Kit de Facas 4 Peças + Bloco Ice Force","03/08/2026 00:00:00","09/08/2026 23:59:59","Home & Garden","Brazil","...","https://www.awin1.com/cread.php?awinmid=108626&awinaffid=2104315&ued=https%3A%2F%2Fwww.arno.com.br%2Fkit-de-facas-4-pecas-bloco-ice-force%2Fp","https://www.arno.com.br/kit-de-facas-4-pecas-bloco-ice-force/p","","","no","30/07/2026 12:52:38","Kit de Facas 4 Peças + Bloco Ice Force",""
"4035669","Arno BR","108626","promotion","","Jogo de Panelas Empilhavel Tefal Ingenio 4 Peças com Cabo Removível","03/08/2026 00:00:00","09/08/2026 23:59:59","Home & Garden","Brazil","...","https://www.awin1.com/cread.php?awinmid=108626&awinaffid=2104315&ued=https%3A%2F%2Fwww.arno.com.br%2Fjogo-de-panelas-tefal-ingenio-4-pecas-com-cabo-removivel-2100128383_pai-1%2Fp","https://www.arno.com.br/jogo-de-panelas-tefal-ingenio-4-pecas-com-cabo-removivel-2100128383_pai-1/p","","","no","30/07/2026 12:52:28","Jogo de Panelas Empilhavel Tefal Ingenio 4 Peças com Cabo Removível",""
"4035665","Arno BR","108626","promotion","","Jogo de Panelas Tefal Recycled Ceramic Cinza 10 Peças","03/08/2026 00:00:00","09/08/2026 23:59:59","Home & Garden","Brazil","...","https://www.awin1.com/cread.php?awinmid=108626&awinaffid=2104315&ued=https%3A%2F%2Fwww.arno.com.br%2Fjogo-de-panelas-tefal-recycled-ceramic-cinza-10-pecas-2100127090_pai-1%2Fp","https://www.arno.com.br/jogo-de-panelas-tefal-recycled-ceramic-cinza-10-pecas-2100127090_pai-1/p","","","no","30/07/2026 12:52:18","Jogo de Panelas Tefal Recycled Ceramic Cinza 10 Peças",""
"4035661","Arno BR","108626","promotion","","Jogo de Panelas Tefal Platinum 5 Peças Azul","03/08/2026 00:00:00","09/08/2026 23:59:59","Home & Garden","Brazil","...","https://www.awin1.com/cread.php?awinmid=108626&awinaffid=2104315&ued=https%3A%2F%2Fwww.arno.com.br%2Fjogo-de-panelas-tefal-platinum-5-pecas-azul-2100128856_pai-1%2Fp","https://www.arno.com.br/jogo-de-panelas-tefal-platinum-5-pecas-azul-2100128856_pai-1/p","","","no","30/07/2026 12:52:08","Jogo de Panelas Tefal Platinum 5 Peças Azul",""
"4035657","Arno BR","108626","promotion","","Assadeira Rasa Retangular com Revestimento Antiaderente Rochedo Dura+  37cm","03/08/2026 00:00:00","09/08/2026 23:59:59","Home & Garden","Brazil","...","https://www.awin1.com/cread.php?awinmid=108626&awinaffid=2104315&ued=https%3A%2F%2Fwww.arno.com.br%2Fassadeira-rasa-retangular-com-revestimento-antiaderente-rochedo-dura-37cm-5861035906%2Fp","https://www.arno.com.br/assadeira-rasa-retangular-com-revestimento-antiaderente-rochedo-dura-37cm-5861035906/p","","","no","30/07/2026 12:51:58","Assadeira Rasa Retangular com Revestimento Antiaderente Rochedo Dura+  37cm",""
"4035655","Arno BR","108626","promotion","","Assadeira Funda Retangular com Revestimento Antiaderente Rochedo Dura+ 44cm","03/08/2026 00:00:00","09/08/2026 23:59:59","Home & Garden","Brazil","...","https://www.awin1.com/cread.php?awinmid=108626&awinaffid=2104315&ued=https%3A%2F%2Fwww.arno.com.br%2Fassadeira-funda-retangular-com-revestimento-antiaderente-rochedo-dura-44-cm-5861035905%2Fp","https://www.arno.com.br/assadeira-funda-retangular-com-revestimento-antiaderente-rochedo-dura-44-cm-5861035905/p","","","no","30/07/2026 12:51:48","Assadeira Funda Retangular com Revestimento Antiaderente Rochedo Dura+ 44cm",""
"4035649","Arno BR","108626","promotion","","Assadeira Funda Retangular com Revestimento Antiaderente Rochedo Dura+  37cm","03/08/2026 00:00:00","09/08/2026 23:59:59","Home & Garden","Brazil","...","https://www.awin1.com/cread.php?awinmid=108626&awinaffid=2104315&ued=https%3A%2F%2Fwww.arno.com.br%2Fassadeira-funda-retangular-com-revestimento-antiaderente-rochedo-dura-37-cm-5861035904%2Fp","https://www.arno.com.br/assadeira-funda-retangular-com-revestimento-antiaderente-rochedo-dura-37-cm-5861035904/p","","","no","30/07/2026 12:51:38","Assadeira Funda Retangular com Revestimento Antiaderente Rochedo Dura+  37cm",""
"4035645","Arno BR","108626","promotion","","Assadeira Funda Retangular com Revestimento Antiaderente Rochedo Dura+ 32cm","03/08/2026 00:00:00","09/08/2026 23:59:59","Home & Garden","Brazil","...","https://www.awin1.com/cread.php?awinmid=108626&awinaffid=2104315&ued=https%3A%2F%2Fwww.arno.com.br%2Fassadeira-funda-retangular-com-revestimento-antiaderente-rochedo-dura-32cm-5861035903%2Fp","https://www.arno.com.br/assadeira-funda-retangular-com-revestimento-antiaderente-rochedo-dura-32cm-5861035903/p","","","no","30/07/2026 12:51:28","Assadeira Funda Retangular com Revestimento Antiaderente Rochedo Dura+ 32cm",""
"4035643","Arno BR","108626","promotion","","Forma Redonda Rochedo Bolo Perfeito com Revestimento Antiaderente 30cm","03/08/2026 00:00:00","09/08/2026 23:59:59","Home & Garden","Brazil","...","https://www.awin1.com/cread.php?awinmid=108626&awinaffid=2104315&ued=https%3A%2F%2Fwww.arno.com.br%2F-forma-redonda-rochedo-bolo-perfeito-com-revestimento-antiaderente-30-cm--5861035902-p%2Fp","https://www.arno.com.br/-forma-redonda-rochedo-bolo-perfeito-com-revestimento-antiaderente-30-cm--5861035902-p/p","","","no","30/07/2026 12:51:18","Forma Redonda Rochedo Bolo Perfeito com Revestimento Antiaderente 30cm",""
"4035637","Arno BR","108626","promotion","","Assadeira de Pizza Rochedo Dura+ com Revestimento Antiaderente 35cm","03/08/2026 00:00:00","09/08/2026 23:59:59","Home & Garden","Brazil","...","https://www.awin1.com/cread.php?awinmid=108626&awinaffid=2104315&ued=https%3A%2F%2Fwww.arno.com.br%2Fassadeira-de-pizza-rochedo-dura-com-revestimento-antiaderente-35-cm-5861035900%2Fp","https://www.arno.com.br/assadeira-de-pizza-rochedo-dura-com-revestimento-antiaderente-35-cm-5861035900/p","","","no","30/07/2026 12:51:08","Assadeira de Pizza Rochedo Dura+ com Revestimento Antiaderente 35cm",""
"4035635","Arno BR","108626","promotion","","Panela de Pressão Rochedo Segura Fechamento Externo 4,5 Litros Grafite","03/08/2026 00:00:00","09/08/2026 23:59:59","Home & Garden","Brazil","...","https://www.awin1.com/cread.php?awinmid=108626&awinaffid=2104315&ued=https%3A%2F%2Fwww.arno.com.br%2F-panela-de-pressao-rochedo-segura-fechamento-externo-45-litros-grafite-5861035621-p%2Fp","https://www.arno.com.br/-panela-de-pressao-rochedo-segura-fechamento-externo-45-litros-grafite-5861035621-p/p","","","no","30/07/2026 12:50:57","Panela de Pressão Rochedo Segura Fechamento Externo 4,5 Litros Grafite",""
"4035629","Arno BR","108626","promotion","","Jogo de Panelas Rochedo Facilita Vermelho 5 Peças","03/08/2026 00:00:00","09/08/2026 23:59:59","Home & Garden","Brazil","...","https://www.awin1.com/cread.php?awinmid=108626&awinaffid=2104315&ued=https%3A%2F%2Fwww.arno.com.br%2Fjogo-de-panelas-rochedo-facilita-vermelho-5-pecas-5861035170%2Fp","https://www.arno.com.br/jogo-de-panelas-rochedo-facilita-vermelho-5-pecas-5861035170/p","","","no","30/07/2026 12:50:47","Jogo de Panelas Rochedo Facilita Vermelho 5 Peças",""
"4035627","Arno BR","108626","promotion","","Jogo de Panelas Rochedo Stone Pro 5 peças","03/08/2026 00:00:00","09/08/2026 23:59:59","Home & Garden","Brazil","...","https://www.awin1.com/cread.php?awinmid=108626&awinaffid=2104315&ued=https%3A%2F%2Fwww.arno.com.br%2Fjogo-de-panelas-rochedo-stone-pro-5-pecas-5861035034%2Fp","https://www.arno.com.br/jogo-de-panelas-rochedo-stone-pro-5-pecas-5861035034/p","","","no","30/07/2026 12:50:35","Jogo de Panelas Rochedo Stone Pro 5 peças",""
"4035619","Arno BR","108626","promotion","","Jogo de Panelas Rochedo Robusta Grafite 5 Peças","03/08/2026 00:00:00","09/08/2026 23:59:59","Home & Garden","Brazil","...","https://www.awin1.com/cread.php?awinmid=108626&awinaffid=2104315&ued=https%3A%2F%2Fwww.arno.com.br%2Fjogo-de-panelas-rochedo-robusta-grafite-5-pecas-5861034960%2Fp","https://www.arno.com.br/jogo-de-panelas-rochedo-robusta-grafite-5-pecas-5861034960/p","","","no","30/07/2026 12:50:24","Jogo de Panelas Rochedo Robusta Grafite 5 Peças",""
"4035617","Arno BR","108626","promotion","","Liquidificador Arno Powermax 1000W Branco LN51 220V","03/08/2026 00:00:00","09/08/2026 23:59:59","Home & Garden","Brazil","...","https://www.awin1.com/cread.php?awinmid=108626&awinaffid=2104315&ued=https%3A%2F%2Fwww.arno.com.br%2Fliquidificador-arno-power-max-700-ln51-branco-2720012724-pai%2Fp","https://www.arno.com.br/liquidificador-arno-power-max-700-ln51-branco-2720012724-pai/p","","","no","30/07/2026 12:50:14","Liquidificador Arno Powermax 1000W Branco LN51 220V",""
"4035611","Arno BR","108626","promotion","","Liquidificador Arno Powermax 1000 Branco LN51 127V","03/08/2026 00:00:00","09/08/2026 23:59:59","Home & Garden","Brazil","...","https://www.awin1.com/cread.php?awinmid=108626&awinaffid=2104315&ued=https%3A%2F%2Fwww.arno.com.br%2Fliquidificador-arno-power-max-700-ln51-branco-2720012724-pai%2Fp","https://www.arno.com.br/liquidificador-arno-power-max-700-ln51-branco-2720012724-pai/p","","","no","30/07/2026 12:50:04","Liquidificador Arno Powermax 1000 Branco LN51 127V",""
"4035607","Arno BR","108626","promotion","","Batedeira Arno Mini Chef Preta HM11 220V","03/08/2026 00:00:00","09/08/2026 23:59:59","Home & Garden","Brazil","...","https://www.awin1.com/cread.php?awinmid=108626&awinaffid=2104315&ued=https%3A%2F%2Fwww.arno.com.br%2Fbat-mini-chef-400w-pt-2720015875-pai-1%2Fp","https://www.arno.com.br/bat-mini-chef-400w-pt-2720015875-pai-1/p","","","no","30/07/2026 12:49:55","Batedeira Arno Mini Chef Preta HM11 220V",""
"4035605","Arno BR","108626","promotion","","Batedeira Arno Mini Chef Preta HM11 127V","03/08/2026 00:00:00","09/08/2026 23:59:59","Home & Garden","Brazil","...","https://www.awin1.com/cread.php?awinmid=108626&awinaffid=2104315&ued=https%3A%2F%2Fwww.arno.com.br%2Fbat-mini-chef-400w-pt-2720015875-pai-1%2Fp","https://www.arno.com.br/bat-mini-chef-400w-pt-2720015875-pai-1/p","","","no","30/07/2026 12:49:45","Batedeira Arno Mini Chef Preta HM11 127V",""
"4035599","Arno BR","108626","promotion","","Torradeira Arno Soleil com 7 níveis de tostagem Marfim STOA 220v","03/08/2026 00:00:00","09/08/2026 23:59:59","Home & Garden","Brazil","...","https://www.awin1.com/cread.php?awinmid=108626&awinaffid=2104315&ued=https%3A%2F%2Fwww.arno.com.br%2Ftorradeira-arno-soleil-marfim-7211004049-pai%2Fp","https://www.arno.com.br/torradeira-arno-soleil-marfim-7211004049-pai/p","","","no","30/07/2026 12:49:35","Torradeira Arno Soleil com 7 níveis de tostagem Marfim STOA 220v",""
"4035595","Arno BR","108626","promotion","","Torradeira Arno Soleil com 7 níveis de tostagem Marfim STOA 127v","03/08/2026 00:00:00","09/08/2026 23:59:59","Home & Garden","Brazil","...","https://www.awin1.com/cread.php?awinmid=108626&awinaffid=2104315&ued=https%3A%2F%2Fwww.arno.com.br%2Ftorradeira-arno-soleil-marfim-7211004049-pai%2Fp","https://www.arno.com.br/torradeira-arno-soleil-marfim-7211004049-pai/p","","","no","30/07/2026 12:49:25","Torradeira Arno Soleil com 7 níveis de tostagem Marfim STOA 127v",""
"4035591","Arno BR","108626","promotion","","Torradeira Arno Soleil com 7 níveis de tostagem Preta SPTO 220v","03/08/2026 00:00:00","09/08/2026 23:59:59","Home & Garden","Brazil","...","https://www.awin1.com/cread.php?awinmid=108626&awinaffid=2104315&ued=https%3A%2F%2Fwww.arno.com.br%2Ftorradeira-arno-soleil-com-7-niveis-de-tostagem-preta-spto-127v_7211419303%2Fp","https://www.arno.com.br/torradeira-arno-soleil-com-7-niveis-de-tostagem-preta-spto-127v_7211419303/p","","","no","30/07/2026 12:49:13","Torradeira Arno Soleil com 7 níveis de tostagem Preta SPTO 220v",""
"4035589","Arno BR","108626","promotion","","Torradeira Arno Soleil com 7 níveis de tostagem Preta SPTO 127v","03/08/2026 00:00:00","09/08/2026 23:59:59","Home & Garden","Brazil","...","https://www.awin1.com/cread.php?awinmid=108626&awinaffid=2104315&ued=https%3A%2F%2Fwww.arno.com.br%2Ftorradeira-arno-soleil-com-7-niveis-de-tostagem-preta-spto-127v_7211419303%2Fp","https://www.arno.com.br/torradeira-arno-soleil-com-7-niveis-de-tostagem-preta-spto-127v_7211419303/p","","","no","30/07/2026 12:49:01","Torradeira Arno Soleil com 7 níveis de tostagem Preta SPTO 127v",""
"4035583","Arno BR","108626","promotion","","Cafeteira Elétrica Arno Soleil Preta 1,25L SPFC 220v","03/08/2026 00:00:00","09/08/2026 23:59:59","Home & Garden","Brazil","...","https://www.awin1.com/cread.php?awinmid=108626&awinaffid=2104315&ued=https%3A%2F%2Fwww.arno.com.br%2Fcafeteira-eletrica-arno-soleil-preta-125l-spfc-127v_cafeteira-eletrica-arno-soleil-preta-125l-spfc_7211419321_pai-1%2Fp","https://www.arno.com.br/cafeteira-eletrica-arno-soleil-preta-125l-spfc-127v_cafeteira-eletrica-arno-soleil-preta-125l-spfc_7211419321_pai-1/p","","","no","30/07/2026 12:48:51","Cafeteira Elétrica Arno Soleil Preta 1,25L SPFC 220v",""
"4035581","Arno BR","108626","promotion","","Cafeteira Elétrica Arno Soleil Preta 1,25L SPFC 127v","03/08/2026 00:00:00","09/08/2026 23:59:59","Home & Garden","Brazil","...","https://www.awin1.com/cread.php?awinmid=108626&awinaffid=2104315&ued=https%3A%2F%2Fwww.arno.com.br%2Fcafeteira-eletrica-arno-soleil-preta-125l-spfc-127v_cafeteira-eletrica-arno-soleil-preta-125l-spfc_7211419321_pai-1%2Fp","https://www.arno.com.br/cafeteira-eletrica-arno-soleil-preta-125l-spfc-127v_cafeteira-eletrica-arno-soleil-preta-125l-spfc_7211419321_pai-1/p","","","no","30/07/2026 12:48:42","Cafeteira Elétrica Arno Soleil Preta 1,25L SPFC 127v",""
"4035575","Arno BR","108626","promotion","","SANDUICHEIRA E GRILL ARNO ANTIADERENTE INOX SACS 220V","03/08/2026 00:00:00","09/08/2026 23:59:59","Home & Garden","Brazil","...","https://www.awin1.com/cread.php?awinmid=108626&awinaffid=2104315&ued=https%3A%2F%2Fwww.arno.com.br%2Fsanduicheira-arno-inox-sacs-110v-8000035846-pai%2Fp","https://www.arno.com.br/sanduicheira-arno-inox-sacs-110v-8000035846-pai/p","","","no","30/07/2026 12:48:32","SANDUICHEIRA E GRILL ARNO ANTIADERENTE INOX SACS 220V",""
"4035573","Arno BR","108626","promotion","","SANDUICHEIRA E GRILL ARNO ANTIADERENTE INOX SACS 127V","03/08/2026 00:00:00","09/08/2026 23:59:59","Home & Garden","Brazil","...","https://www.awin1.com/cread.php?awinmid=108626&awinaffid=2104315&ued=https%3A%2F%2Fwww.arno.com.br%2Fsanduicheira-arno-inox-sacs-110v-8000035846-pai%2Fp","https://www.arno.com.br/sanduicheira-arno-inox-sacs-110v-8000035846-pai/p","","","no","30/07/2026 12:48:23","SANDUICHEIRA E GRILL ARNO ANTIADERENTE INOX SACS 127V",""
"4035567","Arno BR","108626","promotion","","SANDUICHEIRA E GRILL ARNO ANTIADERENTE PRETA SACB 220V","03/08/2026 00:00:00","09/08/2026 23:59:59","Home & Garden","Brazil","...","https://www.awin1.com/cread.php?awinmid=108626&awinaffid=2104315&ued=https%3A%2F%2Fwww.arno.com.br%2F-sanduicheira-arno-sacb-preta-8000035844-pai-p%2Fp","https://www.arno.com.br/-sanduicheira-arno-sacb-preta-8000035844-pai-p/p","","","no","30/07/2026 12:48:15","SANDUICHEIRA E GRILL ARNO ANTIADERENTE PRETA SACB 220V",""
"4035565","Arno BR","108626","promotion","","SANDUICHEIRA E GRILL ARNO ANTIADERENTE PRETA SACB 127V","03/08/2026 00:00:00","09/08/2026 23:59:59","Home & Garden","Brazil","...","https://www.awin1.com/cread.php?awinmid=108626&awinaffid=2104315&ued=https%3A%2F%2Fwww.arno.com.br%2F-sanduicheira-arno-sacb-preta-8000035844-pai-p%2Fp","https://www.arno.com.br/-sanduicheira-arno-sacb-preta-8000035844-pai-p/p","","","no","30/07/2026 12:48:05","SANDUICHEIRA E GRILL ARNO ANTIADERENTE PRETA SACB 127V",""
"4035559","Arno BR","108626","promotion","","Papa Bolinhas e Fiapos Arno Vermelho e Preto PBVM","03/08/2026 00:00:00","09/08/2026 23:59:59","Home & Garden","Brazil","...","https://www.awin1.com/cread.php?awinmid=108626&awinaffid=2104315&ued=https%3A%2F%2Fwww.arno.com.br%2F-papa-bolinhas-vermelho-pbvm-1830009520-p%2Fp","https://www.arno.com.br/-papa-bolinhas-vermelho-pbvm-1830009520-p/p","","","no","30/07/2026 12:47:56","Papa Bolinhas e Fiapos Arno Vermelho e Preto PBVM",""
"4035557","Arno BR","108626","promotion","","Papa Bolinhas e Fiapos Arno Azul e Branco PBAZ","03/08/2026 00:00:00","09/08/2026 23:59:59","Home & Garden","Brazil","...","https://www.awin1.com/cread.php?awinmid=108626&awinaffid=2104315&ued=https%3A%2F%2Fwww.arno.com.br%2Fpapa-bolinhas-azul-pbaz--1830009521%2Fp","https://www.arno.com.br/papa-bolinhas-azul-pbaz--1830009521/p","","","no","30/07/2026 12:47:47","Papa Bolinhas e Fiapos Arno Azul e Branco PBAZ",""
"4035551","Arno BR","108626","promotion","","Mixer Arno Turbomix Pro 400W 3 em 1 com processador, batedor e copo MX31 220V","03/08/2026 00:00:00","09/08/2026 23:59:59","Home & Garden","Brazil","...","https://www.awin1.com/cread.php?awinmid=108626&awinaffid=2104315&ued=https%3A%2F%2Fwww.arno.com.br%2Fmixer-arno-turbomix-pro-3-em-1-mx31-preto-8010000536-pai%2Fp","https://www.arno.com.br/mixer-arno-turbomix-pro-3-em-1-mx31-preto-8010000536-pai/p","","","no","30/07/2026 12:47:38","Mixer Arno Turbomix Pro 400W 3 em 1 com processador, batedor e copo MX31 220V",""
"4035549","Arno BR","108626","promotion","","Mixer Arno Turbomix Pro 400W 3 em 1 com processador, batedor e copo MX31 127V","03/08/2026 00:00:00","09/08/2026 23:59:59","Home & Garden","Brazil","...","https://www.awin1.com/cread.php?awinmid=108626&awinaffid=2104315&ued=https%3A%2F%2Fwww.arno.com.br%2Fmixer-arno-turbomix-pro-3-em-1-mx31-preto-8010000536-pai%2Fp","https://www.arno.com.br/mixer-arno-turbomix-pro-3-em-1-mx31-preto-8010000536-pai/p","","","no","30/07/2026 12:47:29","Mixer Arno Turbomix Pro 400W 3 em 1 com processador, batedor e copo MX31 127V",""
"4035543","Arno BR","108626","promotion","","Mixer Arno Turbomix Duo 200W com copo medidor MX21 220V","03/08/2026 00:00:00","09/08/2026 23:59:59","Home & Garden","Brazil","...","https://www.awin1.com/cread.php?awinmid=108626&awinaffid=2104315&ued=https%3A%2F%2Fwww.arno.com.br%2Fmixer-arno-turbomix-duo-mx21-preto-8010000538-pai%2Fp","https://www.arno.com.br/mixer-arno-turbomix-duo-mx21-preto-8010000538-pai/p","","","no","30/07/2026 12:47:20","Mixer Arno Turbomix Duo 200W com copo medidor MX21 220V",""
"4035541","Arno BR","108626","promotion","","Mixer Arno Turbomix Duo 200W com copo medidor MX21 127V","03/08/2026 00:00:00","09/08/2026 23:59:59","Home & Garden","Brazil","...","https://www.awin1.com/cread.php?awinmid=108626&awinaffid=2104315&ued=https%3A%2F%2Fwww.arno.com.br%2Fmixer-arno-turbomix-duo-mx21-preto-8010000538-pai%2Fp","https://www.arno.com.br/mixer-arno-turbomix-duo-mx21-preto-8010000538-pai/p","","","no","30/07/2026 12:47:10","Mixer Arno Turbomix Duo 200W com copo medidor MX21 127V",""
"4035537","Arno BR","108626","promotion","","Multichef 700W 16 Funções 220V","03/08/2026 00:00:00","09/08/2026 23:59:59","Home & Garden","Brazil","...","https://www.awin1.com/cread.php?awinmid=108626&awinaffid=2104315&ued=https%3A%2F%2Fwww.arno.com.br%2Fmultiprocessador-arno-700w-16-funcoes-marfim-mp62-2720018171%2Fp","https://www.arno.com.br/multiprocessador-arno-700w-16-funcoes-marfim-mp62-2720018171/p","","","no","30/07/2026 12:47:00","Multichef 700W 16 Funções 220V",""
"4035533","Arno BR","108626","promotion","","Multichef 700W 16 Funções 127V","03/08/2026 00:00:00","09/08/2026 23:59:59","Home & Garden","Brazil","...","https://www.awin1.com/cread.php?awinmid=108626&awinaffid=2104315&ued=https%3A%2F%2Fwww.arno.com.br%2Fmultiprocessador-arno-700w-16-funcoes-marfim-mp62-2720018171%2Fp","https://www.arno.com.br/multiprocessador-arno-700w-16-funcoes-marfim-mp62-2720018171/p","","","no","30/07/2026 12:46:52","Multichef 700W 16 Funções 127V",""
"4035527","Arno BR","108626","promotion","","Liquidificador Arno Power Mix Essential Vermelho LQ18 220V","03/08/2026 00:00:00","09/08/2026 23:59:59","Home & Garden","Brazil","...","https://www.awin1.com/cread.php?awinmid=108626&awinaffid=2104315&ued=https%3A%2F%2Fwww.arno.com.br%2Fliquidificador-arno-power-mix-essential-vermelho-lq-182720018421%2Fp","https://www.arno.com.br/liquidificador-arno-power-mix-essential-vermelho-lq-182720018421/p","","","no","30/07/2026 12:46:42","Liquidificador Arno Power Mix Essential Vermelho LQ18 220V",""
"4035525","Arno BR","108626","promotion","","Liquidificador Arno Power Mix Essential Vermelho LQ18 127V","03/08/2026 00:00:00","09/08/2026 23:59:59","Home & Garden","Brazil","...","https://www.awin1.com/cread.php?awinmid=108626&awinaffid=2104315&ued=https%3A%2F%2Fwww.arno.com.br%2Fliquidificador-arno-power-mix-essential-vermelho-lq-182720018421%2Fp","https://www.arno.com.br/liquidificador-arno-power-mix-essential-vermelho-lq-182720018421/p","","","no","30/07/2026 12:46:35","Liquidificador Arno Power Mix Essential Vermelho LQ18 127V",""
"4035519","Arno BR","108626","promotion","","Liquidificador Arno Power Mix 550W Vermelho LQ11 220V","03/08/2026 00:00:00","09/08/2026 23:59:59","Home & Garden","Brazil","...","https://www.awin1.com/cread.php?awinmid=108626&awinaffid=2104315&ued=https%3A%2F%2Fwww.arno.com.br%2Fliquidificador-arno-power-mix-lq11-vermelho-2720013773-pai%2Fp","https://www.arno.com.br/liquidificador-arno-power-mix-lq11-vermelho-2720013773-pai/p","","","no","30/07/2026 12:46:24","Liquidificador Arno Power Mix 550W Vermelho LQ11 220V",""
"4035517","Arno BR","108626","promotion","","Liquidificador Arno Power Mix 550W Vermelho LQ11 127V","03/08/2026 00:00:00","09/08/2026 23:59:59","Home & Garden","Brazil","...","https://www.awin1.com/cread.php?awinmid=108626&awinaffid=2104315&ued=https%3A%2F%2Fwww.arno.com.br%2Fliquidificador-arno-power-mix-lq11-vermelho-2720013773-pai%2Fp","https://www.arno.com.br/liquidificador-arno-power-mix-lq11-vermelho-2720013773-pai/p","","","no","30/07/2026 12:46:15","Liquidificador Arno Power Mix 550W Vermelho LQ11 127V",""
"4035513","Arno BR","108626","promotion","","Liquidificador Arno Power Mix 550W Preto LQ10 220V","03/08/2026 00:00:00","09/08/2026 23:59:59","Home & Garden","Brazil","...","https://www.awin1.com/cread.php?awinmid=108626&awinaffid=2104315&ued=https%3A%2F%2Fwww.arno.com.br%2Fliquidificador-arno-power-mix-preto-2720013771-pai%2Fp","https://www.arno.com.br/liquidificador-arno-power-mix-preto-2720013771-pai/p","","","no","30/07/2026 12:46:07","Liquidificador Arno Power Mix 550W Preto LQ10 220V",""
"4035509","Arno BR","108626","promotion","","Liquidificador Arno Power Mix 550W Preto LQ10 127V","03/08/2026 00:00:00","09/08/2026 23:59:59","Home & Garden","Brazil","...","https://www.awin1.com/cread.php?awinmid=108626&awinaffid=2104315&ued=https%3A%2F%2Fwww.arno.com.br%2Fliquidificador-arno-power-mix-preto-2720013771-pai%2Fp","https://www.arno.com.br/liquidificador-arno-power-mix-preto-2720013771-pai/p","","","no","30/07/2026 12:45:58","Liquidificador Arno Power Mix 550W Preto LQ10 127V",""
"4035505","Arno BR","108626","promotion","","Liquidificador Arno Actimix Compact Blender LQ01 220v","03/08/2026 00:00:00","09/08/2026 23:59:59","Home & Garden","Brazil","...","https://www.awin1.com/cread.php?awinmid=108626&awinaffid=2104315&ued=https%3A%2F%2Fwww.arno.com.br%2Fliquidificador-arno-actimix-compact-blender-lq01-8010001422-pai%2Fp","https://www.arno.com.br/liquidificador-arno-actimix-compact-blender-lq01-8010001422-pai/p","","","no","30/07/2026 12:45:48","Liquidificador Arno Actimix Compact Blender LQ01 220v",""
"4035499","Arno BR","108626","promotion","","Liquidificador Arno Actimix Compact Blender LQ01 127v","03/08/2026 00:00:00","09/08/2026 23:59:59","Home & Garden","Brazil","...","https://www.awin1.com/cread.php?awinmid=108626&awinaffid=2104315&ued=https%3A%2F%2Fwww.arno.com.br%2Fliquidificador-arno-actimix-compact-blender-lq01-8010001422-pai%2Fp","https://www.arno.com.br/liquidificador-arno-actimix-compact-blender-lq01-8010001422-pai/p","","","no","30/07/2026 12:45:38","Liquidificador Arno Actimix Compact Blender LQ01 127v",""
"4035495","Arno BR","108626","promotion","","Liquidificador Portátil Arno Lightmix LP01","03/08/2026 00:00:00","09/08/2026 23:59:59","Home & Garden","Brazil","...","https://www.awin1.com/cread.php?awinmid=108626&awinaffid=2104315&ued=https%3A%2F%2Fwww.arno.com.br%2Fliquidificador-portatil-arno-lightmix-lp01-8010001379%2Fp","https://www.arno.com.br/liquidificador-portatil-arno-lightmix-lp01-8010001379/p","","","no","30/07/2026 12:45:29","Liquidificador Portátil Arno Lightmix LP01",""
"4035491","Arno BR","108626","promotion","","Liquidificador Portátil Arno Lightmix LP00","03/08/2026 00:00:00","09/08/2026 23:59:59","Home & Garden","Brazil","...","https://www.awin1.com/cread.php?awinmid=108626&awinaffid=2104315&ued=https%3A%2F%2Fwww.arno.com.br%2Fliquidificador-portatil-arnoa-lightmix-lp01-8010001378%2Fp","https://www.arno.com.br/liquidificador-portatil-arnoa-lightmix-lp01-8010001378/p","","","no","30/07/2026 12:45:18","Liquidificador Portátil Arno Lightmix LP00",""
"4035487","Arno BR","108626","promotion","","Liquidificador Arno Ultraforce Pro 1100 W com app de receitas Inox Jarra de Vidro LN93 220V","03/08/2026 00:00:00","09/08/2026 23:59:59","Home & Garden","Brazil","...","https://www.awin1.com/cread.php?awinmid=108626&awinaffid=2104315&ued=https%3A%2F%2Fwww.arno.com.br%2Fliquidificador-arno-ultraforce-pro-jarra-de-vidro-127v-7211419239_pai-1-1%2Fp","https://www.arno.com.br/liquidificador-arno-ultraforce-pro-jarra-de-vidro-127v-7211419239_pai-1-1/p","","","no","30/07/2026 12:45:09","Liquidificador Arno Ultraforce Pro 1100 W com app de receitas Inox Jarra de Vidro LN93 220V",""
"4035483","Arno BR","108626","promotion","","Liquidificador Arno Ultraforce Pro 1100 W com app de receitas Inox Jarra de Vidro LN93 127V","03/08/2026 00:00:00","09/08/2026 23:59:59","Home & Garden","Brazil","...","https://www.awin1.com/cread.php?awinmid=108626&awinaffid=2104315&ued=https%3A%2F%2Fwww.arno.com.br%2Fliquidificador-arno-ultraforce-pro-jarra-de-vidro-127v-7211419239_pai-1-1%2Fp","https://www.arno.com.br/liquidificador-arno-ultraforce-pro-jarra-de-vidro-127v-7211419239_pai-1-1/p","","","no","30/07/2026 12:44:59","Liquidificador Arno Ultraforce Pro 1100 W com app de receitas Inox Jarra de Vidro LN93 127V",""
"4035481","Arno BR","108626","promotion","","LIQ POWERMAX EXTRA 1400W LN87 220V","03/08/2026 00:00:00","09/08/2026 23:59:59","Home & Garden","Brazil","...","https://www.awin1.com/cread.php?awinmid=108626&awinaffid=2104315&ued=https%3A%2F%2Fwww.arno.com.br%2Fliquidificador-power-max-1400w-ln87-2720017891_pai%2Fp","https://www.arno.com.br/liquidificador-power-max-1400w-ln87-2720017891_pai/p","","","no","30/07/2026 12:44:50","LIQ POWERMAX EXTRA 1400W LN87 220V",""
"4035477","Arno BR","108626","promotion","","LIQ POWERMAX EXTRA 1400W LN87 127V","03/08/2026 00:00:00","09/08/2026 23:59:59","Home & Garden","Brazil","...","https://www.awin1.com/cread.php?awinmid=108626&awinaffid=2104315&ued=https%3A%2F%2Fwww.arno.com.br%2Fliquidificador-power-max-1400w-ln87-2720017891_pai%2Fp","https://www.arno.com.br/liquidificador-power-max-1400w-ln87-2720017891_pai/p","","","no","30/07/2026 12:44:41","LIQ POWERMAX EXTRA 1400W LN87 127V",""
"4035471","Arno BR","108626","promotion","","LIQ POWERMAX EXTRA 1200W LN86 127V","03/08/2026 00:00:00","09/08/2026 23:59:59","Home & Garden","Brazil","...","https://www.awin1.com/cread.php?awinmid=108626&awinaffid=2104315&ued=https%3A%2F%2Fwww.arno.com.br%2Fliquidificador-power-max-1200w-ln86-2720017894_pai%2Fp","https://www.arno.com.br/liquidificador-power-max-1200w-ln86-2720017894_pai/p","","","no","30/07/2026 12:44:30","LIQ POWERMAX EXTRA 1200W LN86 127V",""
"4035469","Arno BR","108626","promotion","","Liquidificador Arno Powermax Copo XXL 1200W Carmim LN86 220V","03/08/2026 00:00:00","09/08/2026 23:59:59","Home & Garden","Brazil","...","https://www.awin1.com/cread.php?awinmid=108626&awinaffid=2104315&ued=https%3A%2F%2Fwww.arno.com.br%2Fliquidificador-power-max-1200w-ln86-2720017894_pai%2Fp","https://www.arno.com.br/liquidificador-power-max-1200w-ln86-2720017894_pai/p","","","no","30/07/2026 12:44:19","Liquidificador Arno Powermax Copo XXL 1200W Carmim LN86 220V",""
"4035463","Arno BR","108626","promotion","","Liquidificador Arno Powermax Autolock 1400W Comfort Control Cinza Chumbo LN82 220V","03/08/2026 00:00:00","09/08/2026 23:59:59","Home & Garden","Brazil","...","https://www.awin1.com/cread.php?awinmid=108626&awinaffid=2104315&ued=https%3A%2F%2Fwww.arno.com.br%2Fliq-arno-powermax-autolock-1400w-cz-127v-comfort-2720017612_pai-1%2Fp","https://www.arno.com.br/liq-arno-powermax-autolock-1400w-cz-127v-comfort-2720017612_pai-1/p","","","no","30/07/2026 12:44:08","Liquidificador Arno Powermax Autolock 1400W Comfort Control Cinza Chumbo LN82 220V",""
"4035461","Arno BR","108626","promotion","","Liquidificador Arno Powermax Autolock 1400W Comfort Control Cinza Chumbo LN82 127V","03/08/2026 00:00:00","09/08/2026 23:59:59","Home & Garden","Brazil","...","https://www.awin1.com/cread.php?awinmid=108626&awinaffid=2104315&ued=https%3A%2F%2Fwww.arno.com.br%2Fliq-arno-powermax-autolock-1400w-cz-127v-comfort-2720017612_pai-1%2Fp","https://www.arno.com.br/liq-arno-powermax-autolock-1400w-cz-127v-comfort-2720017612_pai-1/p","","","no","30/07/2026 12:43:59","Liquidificador Arno Powermax Autolock 1400W Comfort Control Cinza Chumbo LN82 127V",""
"4035457","Arno BR","108626","promotion","","Liquidificador Arno Powermax 1400W Preto LN65 220V","03/08/2026 00:00:00","09/08/2026 23:59:59","Home & Garden","Brazil","...","https://www.awin1.com/cread.php?awinmid=108626&awinaffid=2104315&ued=https%3A%2F%2Fwww.arno.com.br%2Fliquidificador-arno-powermax-preto-1400w-comfort-control-127v-2720017943_pai-1%2Fp","https://www.arno.com.br/liquidificador-arno-powermax-preto-1400w-comfort-control-127v-2720017943_pai-1/p","","","no","30/07/2026 12:43:42","Liquidificador Arno Powermax 1400W Preto LN65 220V",""
"4035455","Arno BR","108626","promotion","","Liquidificador Arno Powermax 1400W Preto LN65 127V","03/08/2026 00:00:00","09/08/2026 23:59:59","Home & Garden","Brazil","...","https://www.awin1.com/cread.php?awinmid=108626&awinaffid=2104315&ued=https%3A%2F%2Fwww.arno.com.br%2Fliquidificador-arno-powermax-preto-1400w-comfort-control-127v-2720017943_pai-1%2Fp","https://www.arno.com.br/liquidificador-arno-powermax-preto-1400w-comfort-control-127v-2720017943_pai-1/p","","","no","30/07/2026 12:43:34","Liquidificador Arno Powermax 1400W Preto LN65 127V",""
"4035451","Arno BR","108626","promotion","","Liquidificador Arno Powermax 1000 Branco LN51 220V","03/08/2026 00:00:00","09/08/2026 23:59:59","Home & Garden","Brazil","...","https://www.awin1.com/cread.php?awinmid=108626&awinaffid=2104315&ued=https%3A%2F%2Fwww.arno.com.br%2Fliquidificador-arno-power-max-700-ln51-branco-2720012724-pai%2Fp","https://www.arno.com.br/liquidificador-arno-power-max-700-ln51-branco-2720012724-pai/p","","","no","30/07/2026 12:43:25","Liquidificador Arno Powermax 1000 Branco LN51 220V",""
"4035447","Arno BR","108626","promotion","","Liquidificador Arno Powermax 700W Branco LN51 127V","03/08/2026 00:00:00","09/08/2026 23:59:59","Home & Garden","Brazil","...","https://www.awin1.com/cread.php?awinmid=108626&awinaffid=2104315&ued=https%3A%2F%2Fwww.arno.com.br%2Fliquidificador-arno-power-max-700-ln51-branco-2720012724-pai%2Fp","https://www.arno.com.br/liquidificador-arno-power-max-700-ln51-branco-2720012724-pai/p","","","no","30/07/2026 12:43:16","Liquidificador Arno Powermax 700W Branco LN51 127V",""
"4035443","Arno BR","108626","promotion","","Batedeira Planetária Arno Bake Easy 500W Preto Azulado KM10 220v","03/08/2026 00:00:00","09/08/2026 23:59:59","Home & Garden","Brazil","...","https://www.awin1.com/cread.php?awinmid=108626&awinaffid=2104315&ued=https%3A%2F%2Fwww.arno.com.br%2Fbatedeira-arno-planetaria-bake-easy-km10-8010001426-pai%2Fp","https://www.arno.com.br/batedeira-arno-planetaria-bake-easy-km10-8010001426-pai/p","","","no","30/07/2026 12:43:07","Batedeira Planetária Arno Bake Easy 500W Preto Azulado KM10 220v",""
"4035439","Arno BR","108626","promotion","","Batedeira Planetária Arno Bake Easy 500W Preto Azulado KM10 127v","03/08/2026 00:00:00","09/08/2026 23:59:59","Home & Garden","Brazil","...","https://www.awin1.com/cread.php?awinmid=108626&awinaffid=2104315&ued=https%3A%2F%2Fwww.arno.com.br%2Fbatedeira-arno-planetaria-bake-easy-km10-8010001426-pai%2Fp","https://www.arno.com.br/batedeira-arno-planetaria-bake-easy-km10-8010001426-pai/p","","","no","30/07/2026 12:42:58","Batedeira Planetária Arno Bake Easy 500W Preto Azulado KM10 127v",""
"4035435","Arno BR","108626","promotion","","Vaporizador Arno Steam Power, Higieniza, Azul, HS81 127V","03/08/2026 00:00:00","09/08/2026 23:59:59","Home & Garden","Brazil","...","https://www.awin1.com/cread.php?awinmid=108626&awinaffid=2104315&ued=https%3A%2F%2Fwww.arno.com.br%2Fvaporizador-de-roupas-arno-steam-power-hs81-1830007841-pai%2Fp","https://www.arno.com.br/vaporizador-de-roupas-arno-steam-power-hs81-1830007841-pai/p","","","no","30/07/2026 12:42:48","Vaporizador Arno Steam Power, Higieniza, Azul, HS81 127V",""
"4035433","Arno BR","108626","promotion","","Vaporizador Arno Steam Power, Higieniza, Azul, HS81 220V","03/08/2026 00:00:00","09/08/2026 23:59:59","Home & Garden","Brazil","...","https://www.awin1.com/cread.php?awinmid=108626&awinaffid=2104315&ued=https%3A%2F%2Fwww.arno.com.br%2Fvaporizador-de-roupas-arno-steam-power-hs81-1830007841-pai%2Fp","https://www.arno.com.br/vaporizador-de-roupas-arno-steam-power-hs81-1830007841-pai/p","","","no","30/07/2026 12:42:37","Vaporizador Arno Steam Power, Higieniza, Azul, HS81 220V",""
"4035427","Arno BR","108626","promotion","","Vaporizador de Roupas Arno Steam Minute, Higieniza e Desodoriza, 1100W, Aquece em 15s, Portátil, Azul, HS61 220V","03/08/2026 00:00:00","09/08/2026 23:59:59","Home & Garden","Brazil","...","https://www.awin1.com/cread.php?awinmid=108626&awinaffid=2104315&ued=https%3A%2F%2Fwww.arno.com.br%2Fvaporizador-de-roupas-arno-steam-minute-hs61-1830007753-pai%2Fp","https://www.arno.com.br/vaporizador-de-roupas-arno-steam-minute-hs61-1830007753-pai/p","","","no","30/07/2026 12:42:29","Vaporizador de Roupas Arno Steam Minute, Higieniza e Desodoriza, 1100W, Aquece em 15s, Portátil, Azul, HS61 220V",""
"4035423","Arno BR","108626","promotion","","Vaporizador de Roupas Arno Steam Minute, Higieniza e Desodoriza, 1100W, Aquece em 15s, Portátil, Azul, HS61 127V","03/08/2026 00:00:00","09/08/2026 23:59:59","Home & Garden","Brazil","...","https://www.awin1.com/cread.php?awinmid=108626&awinaffid=2104315&ued=https%3A%2F%2Fwww.arno.com.br%2Fvaporizador-de-roupas-arno-steam-minute-hs61-1830007753-pai%2Fp","https://www.arno.com.br/vaporizador-de-roupas-arno-steam-minute-hs61-1830007753-pai/p","","","no","30/07/2026 12:42:18","Vaporizador de Roupas Arno Steam Minute, Higieniza e Desodoriza, 1100W, Aquece em 15s, Portátil, Azul, HS61 127V",""
"4035421","Arno BR","108626","promotion","","Vaporizador de Roupas Arno Pure Pop Coral, Higieniza e Desodoriza, 1100W, Aquece em 15s, Portátil, HS22","03/08/2026 00:00:00","09/08/2026 23:59:59","Home & Garden","Brazil","...","https://www.awin1.com/cread.php?awinmid=108626&awinaffid=2104315&ued=https%3A%2F%2Fwww.arno.com.br%2Fvaporizador-arno-pure-pop-coral-higieniza-hs22-1830009300%2Fp","https://www.arno.com.br/vaporizador-arno-pure-pop-coral-higieniza-hs22-1830009300/p","","","no","30/07/2026 12:42:06","Vaporizador de Roupas Arno Pure Pop Coral, Higieniza e Desodoriza, 1100W, Aquece em 15s, Portátil, HS22",""
"4035417","Arno BR","108626","promotion","","Batedeira Arno Mini Chef 400W com 2 Tigelas 4L Preta HM11 220V","03/08/2026 00:00:00","09/08/2026 23:59:59","Home & Garden","Brazil","...","https://www.awin1.com/cread.php?awinmid=108626&awinaffid=2104315&ued=https%3A%2F%2Fwww.arno.com.br%2Fbat-mini-chef-400w-pt-2720015875-pai-1%2Fp","https://www.arno.com.br/bat-mini-chef-400w-pt-2720015875-pai-1/p","","","no","30/07/2026 12:41:58","Batedeira Arno Mini Chef 400W com 2 Tigelas 4L Preta HM11 220V",""
"4035413","Arno BR","108626","promotion","","Batedeira Arno Mini Chef 400W com 2 Tigelas 4L Preta HM11 127V","03/08/2026 00:00:00","09/08/2026 23:59:59","Home & Garden","Brazil","...","https://www.awin1.com/cread.php?awinmid=108626&awinaffid=2104315&ued=https%3A%2F%2Fwww.arno.com.br%2Fbat-mini-chef-400w-pt-2720015875-pai-1%2Fp","https://www.arno.com.br/bat-mini-chef-400w-pt-2720015875-pai-1/p","","","no","30/07/2026 12:41:49","Batedeira Arno Mini Chef 400W com 2 Tigelas 4L Preta HM11 127V",""
"4035409","Arno BR","108626","promotion","","Grill Arno Compact Preto GPTO 220v","03/08/2026 00:00:00","09/08/2026 23:59:59","Home & Garden","Brazil","...","https://www.awin1.com/cread.php?awinmid=108626&awinaffid=2104315&ued=https%3A%2F%2Fwww.arno.com.br%2Fgrill-arno-compact-preto-gpto-8010001307_pai-1%2Fp","https://www.arno.com.br/grill-arno-compact-preto-gpto-8010001307_pai-1/p","","","no","30/07/2026 12:41:40","Grill Arno Compact Preto GPTO 220v",""
"4035403","Arno BR","108626","promotion","","Grill Arno Compact Preto GPTO 127v","03/08/2026 00:00:00","09/08/2026 23:59:59","Home & Garden","Brazil","...","https://www.awin1.com/cread.php?awinmid=108626&awinaffid=2104315&ued=https%3A%2F%2Fwww.arno.com.br%2Fgrill-arno-compact-preto-gpto-8010001307_pai-1%2Fp","https://www.arno.com.br/grill-arno-compact-preto-gpto-8010001307_pai-1/p","","","no","30/07/2026 12:41:29","Grill Arno Compact Preto GPTO 127v",""
"4035401","Arno BR","108626","promotion","","Grill Arno Dual Inox com abertura de 180° GNOX 220v","03/08/2026 00:00:00","09/08/2026 23:59:59","Home & Garden","Brazil","...","https://www.awin1.com/cread.php?awinmid=108626&awinaffid=2104315&ued=https%3A%2F%2Fwww.arno.com.br%2Fgrill-arno-dual-inox-gnox-8010000261-pai%2Fp","https://www.arno.com.br/grill-arno-dual-inox-gnox-8010000261-pai/p","","","no","30/07/2026 12:41:20","Grill Arno Dual Inox com abertura de 180° GNOX 220v",""
"4035397","Arno BR","108626","promotion","","Grill Arno Dual Inox com abertura de 180° GNOX 127v","03/08/2026 00:00:00","09/08/2026 23:59:59","Home & Garden","Brazil","...","https://www.awin1.com/cread.php?awinmid=108626&awinaffid=2104315&ued=https%3A%2F%2Fwww.arno.com.br%2Fgrill-arno-dual-inox-gnox-8010000261-pai%2Fp","https://www.arno.com.br/grill-arno-dual-inox-gnox-8010000261-pai/p","","","no","30/07/2026 12:41:10","Grill Arno Dual Inox com abertura de 180° GNOX 127v",""
"4035393","Arno BR","108626","promotion","","Grill Super Grill Inox XL e abertura de 180° GGRA 220v","03/08/2026 00:00:00","09/08/2026 23:59:59","Home & Garden","Brazil","...","https://www.awin1.com/cread.php?awinmid=108626&awinaffid=2104315&ued=https%3A%2F%2Fwww.arno.com.br%2Fsuper-grill-arno-inox-ggra-2100116273-pai%2Fp","https://www.arno.com.br/super-grill-arno-inox-ggra-2100116273-pai/p","","","no","30/07/2026 12:41:00","Grill Super Grill Inox XL e abertura de 180° GGRA 220v",""
"4035389","Arno BR","108626","promotion","","Grill Super Inox XL e abertura de 180° GGRA 127v","03/08/2026 00:00:00","09/08/2026 23:59:59","Home & Garden","Brazil","...","https://www.awin1.com/cread.php?awinmid=108626&awinaffid=2104315&ued=https%3A%2F%2Fwww.arno.com.br%2Fsuper-grill-arno-inox-ggra-2100116273-pai%2Fp","https://www.arno.com.br/super-grill-arno-inox-ggra-2100116273-pai/p","","","no","30/07/2026 12:40:51","Grill Super Inox XL e abertura de 180° GGRA 127v",""
"4035383","Arno BR","108626","promotion","","2 em 1: Ferro e Vaporizador Duo Power, 1550W, FVDP, 220V","03/08/2026 00:00:00","09/08/2026 23:59:59","Home & Garden","Brazil","...","https://www.awin1.com/cread.php?awinmid=108626&awinaffid=2104315&ued=https%3A%2F%2Fwww.arno.com.br%2F-2-em-1-ferro-e-vaporizador-duo-power-1700w-fvdp-1830009588-pai-p%2Fp","https://www.arno.com.br/-2-em-1-ferro-e-vaporizador-duo-power-1700w-fvdp-1830009588-pai-p/p","","","no","30/07/2026 12:40:40","2 em 1: Ferro e Vaporizador Duo Power, 1550W, FVDP, 220V",""
"4035379","Arno BR","108626","promotion","","2 em 1: Ferro e Vaporizador Duo Power, 1700W, FVDP, 127V","03/08/2026 00:00:00","09/08/2026 23:59:59","Home & Garden","Brazil","...","https://www.awin1.com/cread.php?awinmid=108626&awinaffid=2104315&ued=https%3A%2F%2Fwww.arno.com.br%2F-2-em-1-ferro-e-vaporizador-duo-power-1700w-fvdp-1830009588-pai-p%2Fp","https://www.arno.com.br/-2-em-1-ferro-e-vaporizador-duo-power-1700w-fvdp-1830009588-pai-p/p","","","no","30/07/2026 12:40:29","2 em 1: Ferro e Vaporizador Duo Power, 1700W, FVDP, 127V",""
"4035377","Arno BR","108626","promotion","","Ferro a Vapor Arno Ultragliss com Base Durilium Airglide FU02 127v","03/08/2026 00:00:00","09/08/2026 23:59:59","Home & Garden","Brazil","...","https://www.awin1.com/cread.php?awinmid=108626&awinaffid=2104315&ued=https%3A%2F%2Fwww.arno.com.br%2Fferro-a-vapor-arno-ultragliss-com-base-durilium-airglide-fu02-127v-1830009812%2Fp","https://www.arno.com.br/ferro-a-vapor-arno-ultragliss-com-base-durilium-airglide-fu02-127v-1830009812/p","","","no","30/07/2026 12:40:19","Ferro a Vapor Arno Ultragliss com Base Durilium Airglide FU02 127v",""
"4035371","Arno BR","108626","promotion","","Ferro a Vapor Arno Ultragliss com Base Durilium Airglide FU02 220v","03/08/2026 00:00:00","09/08/2026 23:59:59","Home & Garden","Brazil","...","https://www.awin1.com/cread.php?awinmid=108626&awinaffid=2104315&ued=https%3A%2F%2Fwww.arno.com.br%2Fferro-a-vapor-arno-ultragliss-com-base-durilium-airglide-fu02-127v-1830009812%2Fp","https://www.arno.com.br/ferro-a-vapor-arno-ultragliss-com-base-durilium-airglide-fu02-127v-1830009812/p","","","no","30/07/2026 12:40:09","Ferro a Vapor Arno Ultragliss com Base Durilium Airglide FU02 220v",""
"4035369","Arno BR","108626","promotion","","Ferro a Vapor Arno Steamgliss com Base Antiaderente FSGP 127V","03/08/2026 00:00:00","09/08/2026 23:59:59","Home & Garden","Brazil","...","https://www.awin1.com/cread.php?awinmid=108626&awinaffid=2104315&ued=https%3A%2F%2Fwww.arno.com.br%2Fferro-a-vapor-arno-steamgliss-fsgp-verde-1830007713-pai%2Fp","https://www.arno.com.br/ferro-a-vapor-arno-steamgliss-fsgp-verde-1830007713-pai/p","","","no","30/07/2026 12:40:01","Ferro a Vapor Arno Steamgliss com Base Antiaderente FSGP 127V",""
"4035363","Arno BR","108626","promotion","","Ferro a Vapor Arno Steamgliss com Base Antiaderente FSGP 220V","03/08/2026 00:00:00","09/08/2026 23:59:59","Home & Garden","Brazil","...","https://www.awin1.com/cread.php?awinmid=108626&awinaffid=2104315&ued=https%3A%2F%2Fwww.arno.com.br%2Fferro-a-vapor-arno-steamgliss-fsgp-verde-1830007713-pai%2Fp","https://www.arno.com.br/ferro-a-vapor-arno-steamgliss-fsgp-verde-1830007713-pai/p","","","no","30/07/2026 12:39:50","Ferro a Vapor Arno Steamgliss com Base Antiaderente FSGP 220V",""
"4035359","Arno BR","108626","promotion","","Ferro a Vapor Arno Steamgliss com Base Ceramic Glide FSGC 127V","03/08/2026 00:00:00","09/08/2026 23:59:59","Home & Garden","Brazil","...","https://www.awin1.com/cread.php?awinmid=108626&awinaffid=2104315&ued=https%3A%2F%2Fwww.arno.com.br%2Fferro-a-vapor-eletrico-arno-steamgliss-fsgc-rosa-1830007714-pai%2Fp","https://www.arno.com.br/ferro-a-vapor-eletrico-arno-steamgliss-fsgc-rosa-1830007714-pai/p","","","no","30/07/2026 12:39:40","Ferro a Vapor Arno Steamgliss com Base Ceramic Glide FSGC 127V",""
"4035355","Arno BR","108626","promotion","","Ferro a Vapor Arno Steamgliss com Base Ceramic Glide FSGC 220V","03/08/2026 00:00:00","09/08/2026 23:59:59","Home & Garden","Brazil","...","https://www.awin1.com/cread.php?awinmid=108626&awinaffid=2104315&ued=https%3A%2F%2Fwww.arno.com.br%2Fferro-a-vapor-eletrico-arno-steamgliss-fsgc-rosa-1830007714-pai%2Fp","https://www.arno.com.br/ferro-a-vapor-eletrico-arno-steamgliss-fsgc-rosa-1830007714-pai/p","","","no","30/07/2026 12:39:29","Ferro a Vapor Arno Steamgliss com Base Ceramic Glide FSGC 220V",""
"4035351","Arno BR","108626","promotion","","Ferro a Seco Arno Drygliss com Base Antiaderente, 1100W, Preto e Terracota, FS31 220V","03/08/2026 00:00:00","09/08/2026 23:59:59","Home & Garden","Brazil","...","https://www.awin1.com/cread.php?awinmid=108626&awinaffid=2104315&ued=https%3A%2F%2Fwww.arno.com.br%2Fferro-a-seco-arno-drygliss-com-base-antiaderente-fs31-127v_1830009185_pai-1%2Fp","https://www.arno.com.br/ferro-a-seco-arno-drygliss-com-base-antiaderente-fs31-127v_1830009185_pai-1/p","","","no","30/07/2026 12:39:17","Ferro a Seco Arno Drygliss com Base Antiaderente, 1100W, Preto e Terracota, FS31 220V",""
"4035347","Arno BR","108626","promotion","","Ferro a Seco Arno Drygliss com Base Antiaderente, 1200W, Preto e Terracota, FS31 127V","03/08/2026 00:00:00","09/08/2026 23:59:59","Home & Garden","Brazil","...","https://www.awin1.com/cread.php?awinmid=108626&awinaffid=2104315&ued=https%3A%2F%2Fwww.arno.com.br%2Fferro-a-seco-arno-drygliss-com-base-antiaderente-fs31-127v_1830009185_pai-1%2Fp","https://www.arno.com.br/ferro-a-seco-arno-drygliss-com-base-antiaderente-fs31-127v_1830009185_pai-1/p","","","no","30/07/2026 12:39:06","Ferro a Seco Arno Drygliss com Base Antiaderente, 1200W, Preto e Terracota, FS31 127V",""
"4035345","Arno BR","108626","promotion","","Ferro a Vapor Powergliss com Base Cerâmica Xglide, 1750W, Roxo, FPO1 220V","03/08/2026 00:00:00","09/08/2026 23:59:59","Home & Garden","Brazil","...","https://www.awin1.com/cread.php?awinmid=108626&awinaffid=2104315&ued=https%3A%2F%2Fwww.arno.com.br%2Fferro-a-vapor-arno-powergliss-base-xglide-fpo1-roxo-110v-1830007981-pai%2Fp","https://www.arno.com.br/ferro-a-vapor-arno-powergliss-base-xglide-fpo1-roxo-110v-1830007981-pai/p","","","no","30/07/2026 12:38:56","Ferro a Vapor Powergliss com Base Cerâmica Xglide, 1750W, Roxo, FPO1 220V",""
"4035339","Arno BR","108626","promotion","","Ferro a Vapor Powergliss com Base Cerâmica Xglide, 1520W, Roxo, FPO1 127V","03/08/2026 00:00:00","09/08/2026 23:59:59","Home & Garden","Brazil","...","https://www.awin1.com/cread.php?awinmid=108626&awinaffid=2104315&ued=https%3A%2F%2Fwww.arno.com.br%2Fferro-a-vapor-arno-powergliss-base-xglide-fpo1-roxo-110v-1830007981-pai%2Fp","https://www.arno.com.br/ferro-a-vapor-arno-powergliss-base-xglide-fpo1-roxo-110v-1830007981-pai/p","","","no","30/07/2026 12:38:47","Ferro a Vapor Powergliss com Base Cerâmica Xglide, 1520W, Roxo, FPO1 127V",""
"4035337","Arno BR","108626","promotion","","Ferro a Vapor Ultragliss Plus com Base Durilium Airglide, deslizamento mais rápido, maior resistência e Modo Economia de Energia, 2350W, Azul e Preto, FMY 220V","03/08/2026 00:00:00","09/08/2026 23:59:59","Home & Garden","Brazil","...","https://www.awin1.com/cread.php?awinmid=108626&awinaffid=2104315&ued=https%3A%2F%2Fwww.arno.com.br%2Fferro-a-vapor-ultraglide-plus-deslizamento-com-base-durilium-airglide-tecnologia-exclusiva-fmy-1830008401-1%2Fp","https://www.arno.com.br/ferro-a-vapor-ultraglide-plus-deslizamento-com-base-durilium-airglide-tecnologia-exclusiva-fmy-1830008401-1/p","","","no","30/07/2026 12:38:38","Ferro a Vapor Ultragliss Plus com Base Durilium Airglide, deslizamento mais rápido, maior resistência e Modo Economia de Energia, 2350W, Azul e Preto, FMY 220V",""
"4035331","Arno BR","108626","promotion","","Ferro a Vapor Ultragliss Plus com Base Durilium Airglide, deslizamento mais rápido, maior resistência e Modo Economia de Energia, 1520W, Azul e Preto, FMY 127V","03/08/2026 00:00:00","09/08/2026 23:59:59","Home & Garden","Brazil","...","https://www.awin1.com/cread.php?awinmid=108626&awinaffid=2104315&ued=https%3A%2F%2Fwww.arno.com.br%2Fferro-a-vapor-ultraglide-plus-deslizamento-com-base-durilium-airglide-tecnologia-exclusiva-fmy-1830008401-1%2Fp","https://www.arno.com.br/ferro-a-vapor-ultraglide-plus-deslizamento-com-base-durilium-airglide-tecnologia-exclusiva-fmy-1830008401-1/p","","","no","30/07/2026 12:38:30","Ferro a Vapor Ultragliss Plus com Base Durilium Airglide, deslizamento mais rápido, maior resistência e Modo Economia de Energia, 1520W, Azul e Preto, FMY 127V",""
"4035329","Arno BR","108626","promotion","","Ferro a Vapor Ultragliss com Base Durilium Airglide, deslizamento mais rápido e maior resistência, 1750W, Vinho, FMV 220V","03/08/2026 00:00:00","09/08/2026 23:59:59","Home & Garden","Brazil","...","https://www.awin1.com/cread.php?awinmid=108626&awinaffid=2104315&ued=https%3A%2F%2Fwww.arno.com.br%2F-ferro-a-vapor-express-steam-ultra-deslizamento-e-potencia-com-base-durilium-airglide-tecnologia-excl-1830008402-p%2Fp","https://www.arno.com.br/-ferro-a-vapor-express-steam-ultra-deslizamento-e-potencia-com-base-durilium-airglide-tecnologia-excl-1830008402-p/p","","","no","30/07/2026 12:38:21","Ferro a Vapor Ultragliss com Base Durilium Airglide, deslizamento mais rápido e maior resistência, 1750W, Vinho, FMV 220V",""
"4035325","Arno BR","108626","promotion","","Ferro a Vapor Ultragliss com Base Durilium Airglide, deslizamento mais rápido e maior resistência, 1520W, Vinho, FMV 127V","03/08/2026 00:00:00","09/08/2026 23:59:59","Home & Garden","Brazil","...","https://www.awin1.com/cread.php?awinmid=108626&awinaffid=2104315&ued=https%3A%2F%2Fwww.arno.com.br%2F-ferro-a-vapor-express-steam-ultra-deslizamento-e-potencia-com-base-durilium-airglide-tecnologia-excl-1830008402-p%2Fp","https://www.arno.com.br/-ferro-a-vapor-express-steam-ultra-deslizamento-e-potencia-com-base-durilium-airglide-tecnologia-excl-1830008402-p/p","","","no","30/07/2026 12:38:10","Ferro a Vapor Ultragliss com Base Durilium Airglide, deslizamento mais rápido e maior resistência, 1520W, Vinho, FMV 127V",""
"4035319","Arno BR","108626","promotion","","Ferro a Vapor Arno Essentialgliss com Base Antiaderente FMQ 127V","03/08/2026 00:00:00","09/08/2026 23:59:59","Home & Garden","Brazil","...","https://www.awin1.com/cread.php?awinmid=108626&awinaffid=2104315&ued=https%3A%2F%2Fwww.arno.com.br%2Ffer-vap-essentialgliss-1830009066_pai-1%2Fp","https://www.arno.com.br/fer-vap-essentialgliss-1830009066_pai-1/p","","","no","30/07/2026 12:38:01","Ferro a Vapor Arno Essentialgliss com Base Antiaderente FMQ 127V",""
"4035311","Arno BR","108626","promotion","","Ferro a Vapor Arno Essentialgliss com Base Antiaderente FMQ 220V","03/08/2026 00:00:00","09/08/2026 23:59:59","Home & Garden","Brazil","...","https://www.awin1.com/cread.php?awinmid=108626&awinaffid=2104315&ued=https%3A%2F%2Fwww.arno.com.br%2Ffer-vap-essentialgliss-1830009066_pai-1%2Fp","https://www.arno.com.br/fer-vap-essentialgliss-1830009066_pai-1/p","","","no","30/07/2026 12:37:50","Ferro a Vapor Arno Essentialgliss com Base Antiaderente FMQ 220V",""
"4035309","Arno BR","108626","promotion","","Ferro a Vapor Ecogliss Protect com Modo ECO e Desligamento Automático FECP 127V","03/08/2026 00:00:00","09/08/2026 23:59:59","Home & Garden","Brazil","...","https://www.awin1.com/cread.php?awinmid=108626&awinaffid=2104315&ued=https%3A%2F%2Fwww.arno.com.br%2Fferro-a-vapor-ecogliss-protect-com-modo-eco-e-desligamento-automatico-fecp-1830009%2Fp","https://www.arno.com.br/ferro-a-vapor-ecogliss-protect-com-modo-eco-e-desligamento-automatico-fecp-1830009/p","","","no","30/07/2026 12:37:41","Ferro a Vapor Ecogliss Protect com Modo ECO e Desligamento Automático FECP 127V",""
"4035307","Arno BR","108626","promotion","","Ferro a Vapor Ecogliss Protect com Modo ECO e Desligamento Automático FECP 220V","03/08/2026 00:00:00","09/08/2026 23:59:59","Home & Garden","Brazil","...","https://www.awin1.com/cread.php?awinmid=108626&awinaffid=2104315&ued=https%3A%2F%2Fwww.arno.com.br%2Fferro-a-vapor-ecogliss-protect-com-modo-eco-e-desligamento-automatico-fecp-1830009%2Fp","https://www.arno.com.br/ferro-a-vapor-ecogliss-protect-com-modo-eco-e-desligamento-automatico-fecp-1830009/p","","","no","30/07/2026 12:37:32","Ferro a Vapor Ecogliss Protect com Modo ECO e Desligamento Automático FECP 220V",""
"4035305","Arno BR","108626","promotion","","Ferro a Vapor Arno Ecogliss com Modo Econômico FEC1 127V","03/08/2026 00:00:00","09/08/2026 23:59:59","Home & Garden","Brazil","...","https://www.awin1.com/cread.php?awinmid=108626&awinaffid=2104315&ued=https%3A%2F%2Fwww.arno.com.br%2Fferro-a-vapor-arno-ecogliss-fec1-verde-1830007236-pai%2Fp","https://www.arno.com.br/ferro-a-vapor-arno-ecogliss-fec1-verde-1830007236-pai/p","","","no","30/07/2026 12:37:22","Ferro a Vapor Arno Ecogliss com Modo Econômico FEC1 127V",""
"4035303","Arno BR","108626","promotion","","Ferro a Vapor Ecogliss com Base Cerâmica e Modo Economia de Energia, 1740W, Verde, FEC1 220V","03/08/2026 00:00:00","09/08/2026 23:59:59","Home & Garden","Brazil","...","https://www.awin1.com/cread.php?awinmid=108626&awinaffid=2104315&ued=https%3A%2F%2Fwww.arno.com.br%2Fferro-a-vapor-arno-ecogliss-fec1-verde-1830007236-pai%2Fp","https://www.arno.com.br/ferro-a-vapor-arno-ecogliss-fec1-verde-1830007236-pai/p","","","no","30/07/2026 12:37:14","Ferro a Vapor Ecogliss com Base Cerâmica e Modo Economia de Energia, 1740W, Verde, FEC1 220V",""
"4035301","Arno BR","108626","promotion","","Ferro a Vapor Essentialgliss Azul com Base Antiaderente FEA1 220V","03/08/2026 00:00:00","09/08/2026 23:59:59","Home & Garden","Brazil","...","https://www.awin1.com/cread.php?awinmid=108626&awinaffid=2104315&ued=https%3A%2F%2Fwww.arno.com.br%2Fferro-a-vapor-essentialgliss-azul-com-base-antiaderente-fea1-1830009400%2Fp","https://www.arno.com.br/ferro-a-vapor-essentialgliss-azul-com-base-antiaderente-fea1-1830009400/p","","","no","30/07/2026 12:37:05","Ferro a Vapor Essentialgliss Azul com Base Antiaderente FEA1 220V",""
"4035295","Arno BR","108626","promotion","","Ferro a Vapor Essentialgliss Azul com Base Antiaderente FEA1 127V","03/08/2026 00:00:00","09/08/2026 23:59:59","Home & Garden","Brazil","...","https://www.awin1.com/cread.php?awinmid=108626&awinaffid=2104315&ued=https%3A%2F%2Fwww.arno.com.br%2Fferro-a-vapor-essentialgliss-azul-com-base-antiaderente-fea1-1830009400%2Fp","https://www.arno.com.br/ferro-a-vapor-essentialgliss-azul-com-base-antiaderente-fea1-1830009400/p","","","no","30/07/2026 12:36:56","Ferro a Vapor Essentialgliss Azul com Base Antiaderente FEA1 127V",""
"4035293","Arno BR","108626","promotion","","Espremedor de Frutas Arno Suco Express 40W e 750ml de Capacidade Vermelho CP32 220V","03/08/2026 00:00:00","09/08/2026 23:59:59","Home & Garden","Brazil","...","https://www.awin1.com/cread.php?awinmid=108626&awinaffid=2104315&ued=https%3A%2F%2Fwww.arno.com.br%2Fespremedor-de-frutas-suco-express-075l-vermelho-cp02-8010000885-pai%2Fp","https://www.arno.com.br/espremedor-de-frutas-suco-express-075l-vermelho-cp02-8010000885-pai/p","","","no","30/07/2026 12:36:48","Espremedor de Frutas Arno Suco Express 40W e 750ml de Capacidade Vermelho CP32 220V",""
"4035289","Arno BR","108626","promotion","","Espremedor de Frutas Arno Suco Express 40W e 750ml de Capacidade Vermelho CP32 127V","03/08/2026 00:00:00","09/08/2026 23:59:59","Home & Garden","Brazil","...","https://www.awin1.com/cread.php?awinmid=108626&awinaffid=2104315&ued=https%3A%2F%2Fwww.arno.com.br%2Fespremedor-de-frutas-suco-express-075l-vermelho-cp02-8010000885-pai%2Fp","https://www.arno.com.br/espremedor-de-frutas-suco-express-075l-vermelho-cp02-8010000885-pai/p","","","no","30/07/2026 12:36:33","Espremedor de Frutas Arno Suco Express 40W e 750ml de Capacidade Vermelho CP32 127V",""
"4035285","Arno BR","108626","promotion","","Espremedor de Frutas Arno Suco Express 40W e 750ml de Capacidade Preto CP31 220V","03/08/2026 00:00:00","09/08/2026 23:59:59","Home & Garden","Brazil","...","https://www.awin1.com/cread.php?awinmid=108626&awinaffid=2104315&ued=https%3A%2F%2Fwww.arno.com.br%2Fespremedor-de-frutas-suco-express-075l-preto-cp01-8010000883-pai%2Fp","https://www.arno.com.br/espremedor-de-frutas-suco-express-075l-preto-cp01-8010000883-pai/p","","","no","30/07/2026 12:36:17","Espremedor de Frutas Arno Suco Express 40W e 750ml de Capacidade Preto CP31 220V",""
"4035279","Arno BR","108626","promotion","","Espremedor de Frutas Arno Suco Express 40W e 750ml de Capacidade Preto CP31 127V","03/08/2026 00:00:00","09/08/2026 23:59:59","Home & Garden","Brazil","...","https://www.awin1.com/cread.php?awinmid=108626&awinaffid=2104315&ued=https%3A%2F%2Fwww.arno.com.br%2Fespremedor-de-frutas-suco-express-075l-preto-cp01-8010000883-pai%2Fp","https://www.arno.com.br/espremedor-de-frutas-suco-express-075l-preto-cp01-8010000883-pai/p","","","no","30/07/2026 12:36:01","Espremedor de Frutas Arno Suco Express 40W e 750ml de Capacidade Preto CP31 127V",""
"4035269","Arno BR","108626","promotion","","Cafeteira Preferita Inox 220V","03/08/2026 00:00:00","09/08/2026 23:59:59","Home & Garden","Brazil","...","https://www.awin1.com/cread.php?awinmid=108626&awinaffid=2104315&ued=https%3A%2F%2Fwww.arno.com.br%2Fcafeteira-filtro-arno-preferita-cfpf-inox-750ml-8010000620-pai%2Fp","https://www.arno.com.br/cafeteira-filtro-arno-preferita-cfpf-inox-750ml-8010000620-pai/p","","","no","30/07/2026 12:35:36","Cafeteira Preferita Inox 220V",""
"4035263","Arno BR","108626","promotion","","Cafeteira Preferita Inox 127V","03/08/2026 00:00:00","09/08/2026 23:59:59","Home & Garden","Brazil","...","https://www.awin1.com/cread.php?awinmid=108626&awinaffid=2104315&ued=https%3A%2F%2Fwww.arno.com.br%2Fcafeteira-filtro-arno-preferita-cfpf-inox-750ml-8010000620-pai%2Fp","https://www.arno.com.br/cafeteira-filtro-arno-preferita-cfpf-inox-750ml-8010000620-pai/p","","","no","30/07/2026 12:35:08","Cafeteira Preferita Inox 127V",""
"4035257","Arno BR","108626","promotion","","Cafeteira New Element Inox 220V","03/08/2026 00:00:00","09/08/2026 23:59:59","Home & Garden","Brazil","...","https://www.awin1.com/cread.php?awinmid=108626&awinaffid=2104315&ued=https%3A%2F%2Fwww.arno.com.br%2Fcafeteira-arno-new-element-cfne-1510001995-pai-1%2Fp","https://www.arno.com.br/cafeteira-arno-new-element-cfne-1510001995-pai-1/p","","","no","30/07/2026 12:34:40","Cafeteira New Element Inox 220V",""
"4035251","Arno BR","108626","promotion","","Cafeteira New Element Inox 127V","03/08/2026 00:00:00","09/08/2026 23:59:59","Home & Garden","Brazil","...","https://www.awin1.com/cread.php?awinmid=108626&awinaffid=2104315&ued=https%3A%2F%2Fwww.arno.com.br%2Fcafeteira-arno-new-element-cfne-1510001995-pai-1%2Fp","https://www.arno.com.br/cafeteira-arno-new-element-cfne-1510001995-pai-1/p","","","no","30/07/2026 12:34:24","Cafeteira New Element Inox 127V",""
"4035247","Arno BR","108626","promotion","","Cafeteira Térmica Cool Touch Preta 220V","03/08/2026 00:00:00","09/08/2026 23:59:59","Home & Garden","Brazil","...","https://www.awin1.com/cread.php?awinmid=108626&awinaffid=2104315&ued=https%3A%2F%2Fwww.arno.com.br%2F-cafeteira-filtro-arno-com-jarra-termica-cool-touch-1l-cfct-8010001162-pai-p%2Fp","https://www.arno.com.br/-cafeteira-filtro-arno-com-jarra-termica-cool-touch-1l-cfct-8010001162-pai-p/p","","","no","30/07/2026 12:34:06","Cafeteira Térmica Cool Touch Preta 220V",""
"4035243","Arno BR","108626","promotion","","Cafeteira Térmica Cool Touch Preta 127V","03/08/2026 00:00:00","09/08/2026 23:59:59","Home & Garden","Brazil","...","https://www.awin1.com/cread.php?awinmid=108626&awinaffid=2104315&ued=https%3A%2F%2Fwww.arno.com.br%2F-cafeteira-filtro-arno-com-jarra-termica-cool-touch-1l-cfct-8010001162-pai-p%2Fp","https://www.arno.com.br/-cafeteira-filtro-arno-com-jarra-termica-cool-touch-1l-cfct-8010001162-pai-p/p","","","no","30/07/2026 12:33:48","Cafeteira Térmica Cool Touch Preta 127V",""
"4033493","Dafiti BR","17697","voucher","PAIS20","20% OFF em produtos selecionados","29/07/2026 00:00:00","04/08/2026 23:59:59","Clothing & Accessories","Brazil","..","https://www.awin1.com/cread.php?awinmid=17697&awinaffid=2104315&ued=https%3A%2F%2Fwww.dafiti.com.br%2Fpromocao%2Fmasculino%2Fdia-dos-pais-20%2F","https://www.dafiti.com.br/promocao/masculino/dia-dos-pais-20/","","","no","29/07/2026 16:48:13","20% OFF em produtos selecionados",""
"4033341","Olympikus BR","17698","promotion","","Tênis Olympikus Corre 4 com 25% Off","29/07/2026 00:00:00","31/08/2026 23:59:59","Clothing & Accessories","Brazil","...","https://www.awin1.com/cread.php?awinmid=17698&awinaffid=2104315&ued=https%3A%2F%2Fwww.olympikus.com.br%2Ftenis-olympikus-corre-4-43720366-3-014%2Fp","https://www.olympikus.com.br/tenis-olympikus-corre-4-43720366-3-014/p","","","no","29/07/2026 13:42:01","Tênis Olympikus Corre 4 com 25% Off",""
"4032865","Fastshop BR","17590","voucher","PS5150","R$150 OFF em PS5","29/07/2026 00:00:00","31/08/2026 23:59:59","Electronics","Brazil","..","https://www.awin1.com/cread.php?awinmid=17590&awinaffid=2104315&ued=https%3A%2F%2Fsite.fastshop.com.br%2Fcolecao%2F4317","https://site.fastshop.com.br/colecao/4317","","","no","29/07/2026 13:04:23","R$150 OFF em PS5",""
"4030183","Fastshop BR","17590","voucher","LUUNA200","R$ 200 OFF em produtos selecionados Luuna acima de R$ 4.000.00","28/07/2026 00:00:00","31/08/2026 23:00:00","Home Appliances","Brazil","..","https://www.awin1.com/cread.php?awinmid=17590&awinaffid=2104315&ued=https%3A%2F%2Fsite.fastshop.com.br%2Fcolecao%2F4309","https://site.fastshop.com.br/colecao/4309","","","no","28/07/2026 12:29:24","R$ 200 OFF em produtos selecionados Luuna acima de R$ 4.000.00",""
"4030181","Fastshop BR","17590","voucher","LUUNA100","R$ 100 OFF em produtos selecionados Luuna acima de R$ 2.000.00","28/07/2026 00:00:00","31/08/2026 23:00:00","Home Appliances","Brazil","..","https://www.awin1.com/cread.php?awinmid=17590&awinaffid=2104315&ued=https%3A%2F%2Fsite.fastshop.com.br%2Fcolecao%2F4308","https://site.fastshop.com.br/colecao/4308","","","no","28/07/2026 12:29:12","R$ 100 OFF em produtos selecionados Luuna acima de R$ 2.000.00",""
"4027643","C&A BR","17648","promotion","","Combo Polos: 30% Off Acima de 2 Peças","28/07/2026 00:00:00","04/08/2026 23:59:59","Clothing & Accessories","Brazil","..","https://www.awin1.com/cread.php?awinmid=17648&awinaffid=2104315&ued=https%3A%2F%2Fwww.cea.com.br%2Fdia-dos-pais%2Fofertas%2Fpolos","https://www.cea.com.br/dia-dos-pais/ofertas/polos","","","no","27/07/2026 17:08:13","Combo Polos: 30% Off Acima de 2 Peças",""
"4027641","C&A BR","17648","promotion","","50% Off na Segunda Peça - Relógios","28/07/2026 00:00:00","04/08/2026 23:59:59","Clothing & Accessories","Brazil","..","https://www.awin1.com/cread.php?awinmid=17648&awinaffid=2104315&ued=https%3A%2F%2Fwww.cea.com.br%2Fdia-dos-pais%2Fofertas%2Frelogios","https://www.cea.com.br/dia-dos-pais/ofertas/relogios","","","no","27/07/2026 17:08:05","50% Off na Segunda Peça - Relógios",""
"4027639","C&A BR","17648","promotion","","Os Jeans Mais Icônicos Mind7","28/07/2026 00:00:00","04/08/2026 23:59:59","Clothing & Accessories","Brazil","..","https://www.awin1.com/cread.php?awinmid=17648&awinaffid=2104315&ued=https%3A%2F%2Fwww.cea.com.br%2Fmindset%2Fjeans","https://www.cea.com.br/mindset/jeans","","","no","27/07/2026 17:07:58","Os Jeans Mais Icônicos Mind7",""
"4027637","C&A BR","17648","promotion","","Combo Dia dos Pais","28/07/2026 00:00:00","04/08/2026 23:59:59","Clothing & Accessories","Brazil","..","https://www.awin1.com/cread.php?awinmid=17648&awinaffid=2104315&ued=https%3A%2F%2Fwww.cea.com.br%2Fvitrine%2Fcea%2F17288","https://www.cea.com.br/vitrine/cea/17288","","","no","27/07/2026 17:07:50","Combo Dia dos Pais",""
"4027635","C&A BR","17648","promotion","","Combo Kids: 2 por R$ 199","28/07/2026 00:00:00","04/08/2026 23:59:59","Clothing & Accessories","Brazil","..","https://www.awin1.com/cread.php?awinmid=17648&awinaffid=2104315&ued=https%3A%2F%2Fwww.cea.com.br%2Fcombos%2Finfantil%2F2-por-199","https://www.cea.com.br/combos/infantil/2-por-199","","","no","27/07/2026 17:07:42","Combo Kids: 2 por R$ 199",""
"4027633","C&A BR","17648","promotion","","Conjuntos Esportivos","28/07/2026 00:00:00","04/08/2026 23:59:59","Clothing & Accessories","Brazil","..","https://www.awin1.com/cread.php?awinmid=17648&awinaffid=2104315&ued=https%3A%2F%2Fwww.cea.com.br%2Fmoda-esportiva%2Fconjuntos","https://www.cea.com.br/moda-esportiva/conjuntos","","","no","27/07/2026 17:07:35","Conjuntos Esportivos",""
"4027631","C&A BR","17648","promotion","","Renove Sua Lingerie - 3 por R$99","28/07/2026 00:00:00","04/08/2026 23:59:59","Clothing & Accessories","Brazil","..","https://www.awin1.com/cread.php?awinmid=17648&awinaffid=2104315&ued=https%3A%2F%2Fwww.cea.com.br%2Fcombos%2Fmoda-feminina%2Fmoda-intima%2Flingeries","https://www.cea.com.br/combos/moda-feminina/moda-intima/lingeries","","","no","27/07/2026 17:07:27","Renove Sua Lingerie - 3 por R$99",""
"4027629","C&A BR","17648","promotion","","Dia dos Pais até R$149","28/07/2026 00:00:00","04/08/2026 23:59:59","Clothing & Accessories","Brazil","..","https://www.awin1.com/cread.php?awinmid=17648&awinaffid=2104315&ued=https%3A%2F%2Fwww.cea.com.br%2Fdia-dos-pais%2Fate-149","https://www.cea.com.br/dia-dos-pais/ate-149","","","no","27/07/2026 17:07:19","Dia dos Pais até R$149",""
"4026687","Fastshop BR","17590","promotion","","Notebook Lenovo Yoga Slim 7i Intel Core Ultra 5 16GB 512GB SSD Tela de 14 OLED Windows 11","27/07/2026 00:00:00","31/12/2026 23:59:59","Laptops","Brazil","...","https://www.awin1.com/cread.php?awinmid=17590&awinaffid=2104315&ued=https%3A%2F%2Fsite.fastshop.com.br%2Fnotebook-lenovo-yoga-slim-7i-intel-core-ultra-5--16gb--512gb-ssd--tela-de-14--oled--windows-11---83gm0003br-l283gm0003br_prd-65794%2Fp","https://site.fastshop.com.br/notebook-lenovo-yoga-slim-7i-intel-core-ultra-5--16gb--512gb-ssd--tela-de-14--oled--windows-11---83gm0003br-l283gm0003br_prd-65794/p","","","no","27/07/2026 12:57:19","Notebook Lenovo Yoga Slim 7i Intel Core Ultra 5 16GB 512GB SSD Tela de 14 OLED Windows 11",""
"4020501","Under Armour BR","18864","promotion","","Dia dos Pais com até 30 por cento OFF em produtos selecionados para presentear","22/07/2026 00:00:00","10/08/2026 23:59:59","Clothing & Accessories","Brazil","..","https://www.awin1.com/cread.php?awinmid=18864&awinaffid=2104315&ued=https%3A%2F%2Fwww.underarmour.com.br%2Fprodutos-promocionais","https://www.underarmour.com.br/produtos-promocionais","","","no","22/07/2026 16:28:43","Dia dos Pais com até 30 por cento OFF em produtos selecionados para presentear",""
"4019137","REVO","127003","promotion","","We’re strongly encouraging you to focus your promotional efforts on these three high-demand, top-selling items:

REVO Smart Cupper Bundle — current offer: 54% OFF + REVO Collagen Jelly added free as a gift!

REVO Face Genie — current offer: Buy 1 at 52% OFF • Buy 2 Get 1 at 58% OFF • Buy 3 Get 2 at 61% OFF. Plus free Post-Therapy Cream, Pre-Therapy Oil, and REVO® Mini Scraper with any order!

REVO Sculptor — current offer: 44% OFF + REVO Anti-Cellulite Oil added free as a gift!","22/07/2026 04:00:00","01/09/2026 03:59:00","Skincare,Fitness Equipment,Medical,Lifestyle","United States of America","25% general CPA. Brand bidding and paid media activities are prohibited.","https://www.awin1.com/cread.php?awinmid=127003&awinaffid=2104315&campaign=summer+sale+2026&ued=https%3A%2F%2Frevomadic.com%2F","https://revomadic.com/","","","no","22/07/2026 09:43:19","Top REVO Products to Promote Now","summer sale 2026"
"4017535","Fastshop BR","17590","voucher","ART5","5% OFF em itens selecioadados da Artmobilia","21/07/2026 00:00:00","31/08/2026 23:00:00","Home & Garden","Brazil","..","https://www.awin1.com/cread.php?awinmid=17590&awinaffid=2104315&ued=https%3A%2F%2Fsite.fastshop.com.br%2Fcolecao%2F4286","https://site.fastshop.com.br/colecao/4286","","","no","21/07/2026 12:36:24","5% OFF em itens selecioadados da Artmobilia",""
"4015179","C&A BR","17648","voucher","PERFUME20","Suas Fragrâncias Favoritas Com 20% Off","20/07/2026 00:00:00","04/08/2026 23:59:59","Clothing & Accessories","Brazil","..","https://www.awin1.com/cread.php?awinmid=17648&awinaffid=2104315&ued=https%3A%2F%2Fwww.cea.com.br%2Fbeleza%2Fofertas%2Fperfumes-famosos","https://www.cea.com.br/beleza/ofertas/perfumes-famosos","","","no","20/07/2026 16:34:24","Suas Fragrâncias Favoritas Com 20% Off",""
"4015177","C&A BR","17648","voucher","MAISPROG","2 peças = 15% OFF | 3 peças ou mais = 25% OFF","20/07/2026 00:00:00","04/08/2026 23:59:59","Clothing & Accessories","Brazil","..","https://www.awin1.com/cread.php?awinmid=17648&awinaffid=2104315&ued=https%3A%2F%2Fwww.cea.com.br%2Fofertas%2Foportunidades-imperdiveis","https://www.cea.com.br/ofertas/oportunidades-imperdiveis","","","no","20/07/2026 16:34:14","2 peças = 15% OFF | 3 peças ou mais = 25% OFF",""
"4015175","C&A BR","17648","voucher","INVERNO35","Favoritos de Inverno 35% Off","20/07/2026 00:00:00","05/08/2026 23:59:59","Clothing & Accessories","Brazil","..","https://www.awin1.com/cread.php?awinmid=17648&awinaffid=2104315&ued=https%3A%2F%2Fwww.cea.com.br%2Fofertas%2Finverno","https://www.cea.com.br/ofertas/inverno","","","no","20/07/2026 16:34:02","Favoritos de Inverno 35% Off",""
"4015173","C&A BR","17648","voucher","BELEZA","Beleza com 30% OFF","20/07/2026 00:00:00","04/08/2026 23:59:59","Clothing & Accessories","Brazil","..","https://www.awin1.com/cread.php?awinmid=17648&awinaffid=2104315&ued=https%3A%2F%2Fwww.cea.com.br%2Fbeleza%2Fofertas","https://www.cea.com.br/beleza/ofertas","","","no","20/07/2026 16:33:50","Beleza com 30% OFF",""
"4015171","C&A BR","17648","voucher","JEANS","Jeans 25% Off","20/07/2026 00:00:00","04/08/2026 23:59:59","Clothing & Accessories","Brazil","..","https://www.awin1.com/cread.php?awinmid=17648&awinaffid=2104315&ued=https%3A%2F%2Fwww.cea.com.br%2Fofertas%2F25-off","https://www.cea.com.br/ofertas/25-off","","","no","20/07/2026 16:33:37","Jeans 25% Off",""
"4014489","Oceane BR","127159","voucher","WELCOME15","15 OFF","20/07/2026 10:35:00","20/07/2027 10:32:00","Cosmetics","All Regions","Welcome 15","https://www.awin1.com/cread.php?awinmid=127159&awinaffid=2104315&ued=https%3A%2F%2Fwww.oceane.com.br","https://www.oceane.com.br","","","no","20/07/2026 10:35:12","Cupom 15% off",""
"3993363","Dafiti BR","17697","voucher","QUERO300","R$300 OFF acima de R$1.700","07/07/2026 00:00:00","07/09/2026 23:59:59","Clothing & Accessories","Brazil","..","https://www.awin1.com/cread.php?awinmid=17697&awinaffid=2104315&ued=https%3A%2F%2Fwww.dafiti.com.br%2Fpromocao%2Fgeral%2Fdata-dupla-com-ate%2F","https://www.dafiti.com.br/promocao/geral/data-dupla-com-ate/","","","no","07/07/2026 16:53:32","R$300 OFF acima de R$1.700",""
"3993359","Dafiti BR","17697","voucher","QUERO150","R$150 OFF acima de R$1.000","07/07/2026 00:00:00","07/09/2026 23:59:59","Clothing & Accessories","Brazil","..","https://www.awin1.com/cread.php?awinmid=17697&awinaffid=2104315&ued=https%3A%2F%2Fwww.dafiti.com.br%2Fpromocao%2Fgeral%2Fdata-dupla-com-ate%2F","https://www.dafiti.com.br/promocao/geral/data-dupla-com-ate/","","","no","07/07/2026 16:53:17","R$150 OFF acima de R$1.000",""
"3993353","Dafiti BR","17697","voucher","QUERO50","R$50 OFF acima de R$500","07/07/2026 00:00:00","07/09/2026 23:59:59","Clothing & Accessories","Brazil","..","https://www.awin1.com/cread.php?awinmid=17697&awinaffid=2104315&ued=https%3A%2F%2Fwww.dafiti.com.br%2Fpromocao%2Fgeral%2Fdata-dupla-com-ate%2F","https://www.dafiti.com.br/promocao/geral/data-dupla-com-ate/","","","no","07/07/2026 16:53:03","R$50 OFF acima de R$500",""
"3979345","Olympikus BR","17698","voucher","AQUECE20","Liquida Inverno com desconto progressivo sendo 10% OFF em 1 peça 15% OFF em 2 peças e 20% OFF em 3 ou mais itens usando o cupom AQUECE20 aproveite a campanha especial de inverno","30/06/2026 00:00:00","30/09/2026 23:59:59","Clothing & Accessories","Brazil","..","https://www.awin1.com/cread.php?awinmid=17698&awinaffid=2104315&ued=https%3A%2F%2Fwww.olympikus.com.br%2Fliquida-inverno","https://www.olympikus.com.br/liquida-inverno","","","no","30/06/2026 12:42:56","Liquida Inverno com desconto progressivo sendo 10% OFF em 1 peça 15% OFF em 2 peças e 20% OFF em 3 ou mais itens usando o cupom AQUECE20 aproveite a campanha especial de inverno",""
"3952685","Aramis BR","121392","voucher","AWIN10","Outlet com +10% OFF","15/06/2026 00:00:00","31/10/2026 23:59:59","Clothing & Accessories","Brazil","..","https://www.awin1.com/cread.php?awinmid=121392&awinaffid=2104315&ued=https%3A%2F%2Fwww.aramis.com.br%2Fsale","https://www.aramis.com.br/sale","","","no","15/06/2026 12:54:35","Outlet com +10% OFF",""
"3952679","Aramis BR","121392","voucher","AWINPRIM","Primeira compra: 15% OFF sem valor mínimo de compra","15/06/2026 00:00:00","31/12/2026 23:59:59","Clothing & Accessories","Brazil","..","https://www.awin1.com/cread.php?awinmid=121392&awinaffid=2104315&ued=https%3A%2F%2Fwww.aramis.com.br%2F","https://www.aramis.com.br/","","","no","15/06/2026 12:54:18","Primeira compra: 15% OFF sem valor mínimo de compra",""
"3933527","Loja Ybera BR","124920","voucher","DESCONTOVALIDO","Desconto de parceiro. Não cumulativo com outras promos.","03/06/2026 17:18:00","31/12/2026 23:59:00","Haircare Products","All Regions","Cupom não cumulativo com outras promoções. Válido até 30/06/2026 às 23h59, podendo ser suspenso a qualquer momento sem prévio aviso.","https://www.awin1.com/cread.php?awinmid=124920&awinaffid=2104315&ued=https%3A%2F%2Fwww.lojaybera.com.br%2F","https://www.lojaybera.com.br/","","","no","03/06/2026 17:18:06","25% OFF TODO O SITE",""
"3929681","Brinox Shop BR","25279","voucher","INVERNOBRINOX","15% OFF em todo o site","20/06/2026 00:00:00","21/09/2026 23:59:59","Home Appliances","Brazil","..","https://www.awin1.com/cread.php?awinmid=25279&awinaffid=2104315&ued=https%3A%2F%2Fwww.brinox.com.br%2F","https://www.brinox.com.br/","","","no","02/06/2026 16:43:07","15% OFF em todo o site",""
"3904865","Lacoste BR","112756","voucher","AWINOFF","Desconto REDE","20/05/2026 10:08:00","20/08/2032 10:07:00","General Clothing","All Regions","Desconto REDE","https://www.awin1.com/cread.php?awinmid=112756&awinaffid=2104315&ued=https%3A%2F%2Fwww.lacoste.com%2F","https://www.lacoste.com/","","","no","20/05/2026 10:08:31","Desconto REDE",""
"3882297","Clinique BR","17752","promotion","","Sua rotina de skincare com até 15% OFF em itens selecionados no Outlet Clinique. Sujeito à disponibilidade de estoque.","11/05/2026 00:00:00","31/12/2026 23:59:59","Cosmetics & Skincare","Brazil","...","https://www.awin1.com/cread.php?awinmid=17752&awinaffid=2104315&ued=https%3A%2F%2Fwww.clinique.com.br%2Fproducts%2F1590%2Fultima-chance","https://www.clinique.com.br/products/1590/ultima-chance","","","no","11/05/2026 12:13:10","Sua rotina de skincare com até 15% OFF em itens selecionados no Outlet Clinique. Sujeito à disponibilidade de estoque.",""
"3882293","Fastshop BR","17590","promotion","","Notebook Lenovo IdeaPad Slim 3x Snapdragon X 16GB 1TB SSD Tela 15.3 Polegadas Windows 11 Copilot+ - 83TW0003","11/05/2026 00:00:00","30/09/2026 23:59:59","Laptops","Brazil","...","https://www.awin1.com/cread.php?awinmid=17590&awinaffid=2104315&ued=https%3A%2F%2Fsite.fastshop.com.br%2Fnotebook-lenovo%25C2%25AE-ideapad-slim-3x--snapdragon-x--16gb--1tb-ssd--tela-de-15-3---w11-copilot----83tw0003-l283tw0003cnz_prd-165271%2Fp","https://site.fastshop.com.br/notebook-lenovo%C2%AE-ideapad-slim-3x--snapdragon-x--16gb--1tb-ssd--tela-de-15-3---w11-copilot----83tw0003-l283tw0003cnz_prd-165271/p","","","no","11/05/2026 12:12:49","Notebook Lenovo IdeaPad Slim 3x Snapdragon X 16GB 1TB SSD Tela 15.3 Polegadas Windows 11 Copilot+ - 83TW0003",""
"3882289","Fastshop BR","17590","promotion","","Smart TV LG QNED MiniLED 4K 55 Polegadas com webOS 25 e Processor α8 AI - 55QNED85ASG","11/05/2026 00:00:00","30/09/2026 23:59:59","Home Appliances","Brazil","...","https://www.awin1.com/cread.php?awinmid=17590&awinaffid=2104315&ued=https%3A%2F%2Fsite.fastshop.com.br%2Fsmart-tv-lg-qned-miniled-4k-55--polegadas-com-webos-25-e-processor-%25CE%25B18-ai---55qned85asg-lg55qned85pto_prd-107667%2Fp","https://site.fastshop.com.br/smart-tv-lg-qned-miniled-4k-55--polegadas-com-webos-25-e-processor-%CE%B18-ai---55qned85asg-lg55qned85pto_prd-107667/p","","","no","11/05/2026 12:12:22","Smart TV LG QNED MiniLED 4K 55 Polegadas com webOS 25 e Processor α8 AI - 55QNED85ASG",""
"3803106","MAC Cosmeticos BR","17780","promotion","","Aproveite até 20% OFF em itens selecionados no site oficial M·A·C. Ofertas por tempo limitado. Sujeito a disponibilidade de estoque.val 31/12","25/03/2026 00:00:00","31/12/2026 23:59:59","Cosmetics & Skincare","Brazil","...","https://www.awin1.com/cread.php?awinmid=17780&awinaffid=2104315&ued=https%3A%2F%2Fwww.maccosmetics.com.br%2Fproducts%2F16051%2Fprodutos%2Foutlet","https://www.maccosmetics.com.br/products/16051/produtos/outlet","","","no","25/03/2026 16:53:49","Aproveite até 20% OFF em itens selecionados no site oficial M·A·C. Ofertas por tempo limitado. Sujeito a disponibilidade de estoque.val 31/12",""
"3795206","Loja do Mecanico BR","118895","voucher","LDM75OFF","R$ 75 de desconto em pedidos acima de R$ 1.500","20/03/2026 00:00:00","31/12/2026 23:59:59","Home & Garden","Brazil","..","https://www.awin1.com/cread.php?awinmid=118895&awinaffid=2104315&ued=https%3A%2F%2Fwww.lojadomecanico.com.br%2F","https://www.lojadomecanico.com.br/","","","no","20/03/2026 13:02:29","R$ 75 de desconto em pedidos acima de R$ 1.500",""
"3795200","Loja do Mecanico BR","118895","voucher","LDM50OFF","R$ 50 de desconto em pedidos acima de R$ 1.000","20/03/2026 00:00:00","31/12/2026 23:59:59","Home & Garden","Brazil","..","https://www.awin1.com/cread.php?awinmid=118895&awinaffid=2104315&ued=https%3A%2F%2Fwww.lojadomecanico.com.br%2F","https://www.lojadomecanico.com.br/","","","no","20/03/2026 13:02:26","R$ 50 de desconto em pedidos acima de R$ 1.000",""
"3795196","Loja do Mecanico BR","118895","voucher","LDM35OFF","R$ 35 de desconto em pedidos acima de R$ 700","20/03/2026 00:00:00","31/12/2026 23:59:59","Home & Garden","Brazil","..","https://www.awin1.com/cread.php?awinmid=118895&awinaffid=2104315&ued=https%3A%2F%2Fwww.lojadomecanico.com.br%2F","https://www.lojadomecanico.com.br/","","","no","20/03/2026 13:02:22","R$ 35 de desconto em pedidos acima de R$ 700",""
"3795194","Loja do Mecanico BR","118895","voucher","LDM20OFF","R$ 20 de desconto em pedidos acima de R$ 400","20/03/2026 00:00:00","31/12/2026 23:59:59","Home & Garden","Brazil","..","https://www.awin1.com/cread.php?awinmid=118895&awinaffid=2104315&ued=https%3A%2F%2Fwww.lojadomecanico.com.br%2F","https://www.lojadomecanico.com.br/","","","no","20/03/2026 13:02:12","R$ 20 de desconto em pedidos acima de R$ 400",""
"3776400","Arno BR","108626","voucher","LANCAMENTO15","15% OFF em Lançamentos","10/03/2026 15:27:00","31/12/2026 23:59:00","House Accessories","All Regions","15% OFF em lançamentos","https://www.awin1.com/cread.php?awinmid=108626&awinaffid=2104315&ued=https%3A%2F%2Fwww.arno.com.br%2F249%3Fmap%3DproductClusterIds","https://www.arno.com.br/249?map=productClusterIds","","","no","10/03/2026 15:27:04","15% OFF em Lançamentos",""
"3764832","Loja do Mecanico BR","118895","promotion","","Entrega Expressa > Comprou Hoje. Chegou Amanhã!","03/03/2026 00:00:00","31/12/2026 23:59:59","Home & Garden","Brazil","..","https://www.awin1.com/cread.php?awinmid=118895&awinaffid=2104315&ued=https%3A%2F%2Fwww.lojadomecanico.com.br%2Fhotsite%2Fentrega-express","https://www.lojadomecanico.com.br/hotsite/entrega-express","","","no","03/03/2026 13:12:52","Entrega Expressa > Comprou Hoje. Chegou Amanhã!",""
"3764830","Loja do Mecanico BR","118895","promotion","","Landing Page de Frete Grátis","03/03/2026 00:00:00","31/12/2026 23:59:59","Home & Garden","Brazil","..","https://www.awin1.com/cread.php?awinmid=118895&awinaffid=2104315&ued=https%3A%2F%2Fwww.lojadomecanico.com.br%2Fbuscar%2Ffrete-gratis","https://www.lojadomecanico.com.br/buscar/frete-gratis","","","no","03/03/2026 13:12:49","Landing Page de Frete Grátis",""
"3764826","Loja do Mecanico BR","118895","promotion","","Produtos em até 12x Sem Juros! Produtos que estão em campanha de PREÇO ÚNICO no site.app.","03/03/2026 00:00:00","31/12/2026 23:59:59","Home & Garden","Brazil","..","https://www.awin1.com/cread.php?awinmid=118895&awinaffid=2104315&ued=https%3A%2F%2Fwww.lojadomecanico.com.br%2Fhotsite%2Fprodutos-ate-12x-sem-juros","https://www.lojadomecanico.com.br/hotsite/produtos-ate-12x-sem-juros","","","no","03/03/2026 13:12:46","Produtos em até 12x Sem Juros! Produtos que estão em campanha de PREÇO ÚNICO no site.app.",""
"3764824","Loja do Mecanico BR","118895","promotion","","Melhor Preço Hoje! Lista de produtos ganhando Pricing Match contra concorrentes!","03/03/2026 00:00:00","31/12/2026 23:59:59","Home & Garden","Brazil","..","https://www.awin1.com/cread.php?awinmid=118895&awinaffid=2104315&ued=https%3A%2F%2Fwww.lojadomecanico.com.br%2Fhotsite%2Fmelhor-preco-hoje","https://www.lojadomecanico.com.br/hotsite/melhor-preco-hoje","","","no","03/03/2026 13:12:43","Melhor Preço Hoje! Lista de produtos ganhando Pricing Match contra concorrentes!",""
"3764822","Loja do Mecanico BR","118895","promotion","","Mais de R$1 Milhão em Cupons de Desconto!","03/03/2026 00:00:00","31/12/2026 23:59:59","Home & Garden","Brazil","..","https://www.awin1.com/cread.php?awinmid=118895&awinaffid=2104315&ued=https%3A%2F%2Fwww.lojadomecanico.com.br%2Fcupom-de-desconto","https://www.lojadomecanico.com.br/cupom-de-desconto","","","no","03/03/2026 13:12:40","Mais de R$1 Milhão em Cupons de Desconto!",""
"3753324","Electrolux BR","17858","voucher","SEJABEMVINDO","5% Off pra novos compradores","25/02/2026 00:00:00","31/12/2026 23:59:59","Home Appliances","Brazil","..","https://www.awin1.com/cread.php?awinmid=17858&awinaffid=2104315&ued=https%3A%2F%2Floja.electrolux.com.br%2F","https://loja.electrolux.com.br/","","","no","25/02/2026 12:23:39","5% Off pra novos compradores",""
"3684688","Loja do Mecanico BR","118895","promotion","","Cupom de Desconto! Use o cupom OFERTAS5 e ganhe 5% de desconto.","19/01/2026 00:00:00","31/12/2026 23:59:59","Home & Garden","Brazil","...","https://www.awin1.com/cread.php?awinmid=118895&awinaffid=2104315&ued=https%3A%2F%2Fwww.lojadomecanico.com.br","https://www.lojadomecanico.com.br","","","no","19/01/2026 13:07:03","Cupom de Desconto! Use o cupom OFERTAS5 e ganhe 5% de desconto.",""
"3684684","Loja do Mecanico BR","118895","promotion","","Entrega Expressa > Comprou Hoje Chegou Amanhã!","19/01/2026 00:00:00","31/12/2026 23:59:59","Home & Garden","Brazil","...","https://www.awin1.com/cread.php?awinmid=118895&awinaffid=2104315&ued=https%3A%2F%2Fwww.lojadomecanico.com.br%2Fhotsite%2Fentrega-express","https://www.lojadomecanico.com.br/hotsite/entrega-express","","","no","19/01/2026 13:06:54","Entrega Expressa > Comprou Hoje Chegou Amanhã!",""
"3684678","Loja do Mecanico BR","118895","promotion","","Retire & Ganhe! Compre online e Retire na Loja para Receber um Cupom de desconto EXCLUSIVO para sua Próxima Compra!","19/01/2026 00:00:00","31/12/2026 23:59:59","Home & Garden","Brazil","...","https://www.awin1.com/cread.php?awinmid=118895&awinaffid=2104315&ued=https%3A%2F%2Fwww.lojadomecanico.com.br%2Fhotsite%2Fretira-e-ganhe","https://www.lojadomecanico.com.br/hotsite/retira-e-ganhe","","","no","19/01/2026 13:06:43","Retire & Ganhe! Compre online e Retire na Loja para Receber um Cupom de desconto EXCLUSIVO para sua Próxima Compra!",""
"3684676","Loja do Mecanico BR","118895","promotion","","Landing Page de Frete Grátis!","19/01/2026 00:00:00","31/12/2026 23:59:59","Home & Garden","Brazil","...","https://www.awin1.com/cread.php?awinmid=118895&awinaffid=2104315&ued=https%3A%2F%2Fwww.lojadomecanico.com.br%2Fbuscar%2Ffrete-gratis","https://www.lojadomecanico.com.br/buscar/frete-gratis","","","no","19/01/2026 13:06:34","Landing Page de Frete Grátis!",""
"3684672","Loja do Mecanico BR","118895","promotion","","Produtos em até 12x Sem Juros! Produtos que estão em campanha de PREÇO ÚNICO no site/app.","19/01/2026 00:00:00","31/12/2026 23:59:59","Home & Garden","Brazil","...","https://www.awin1.com/cread.php?awinmid=118895&awinaffid=2104315&ued=https%3A%2F%2Fwww.lojadomecanico.com.br%2Fhotsite%2Fprodutos-ate-12x-sem-juros","https://www.lojadomecanico.com.br/hotsite/produtos-ate-12x-sem-juros","","","no","19/01/2026 13:06:17","Produtos em até 12x Sem Juros! Produtos que estão em campanha de PREÇO ÚNICO no site/app.",""
"3684666","Loja do Mecanico BR","118895","promotion","","Melhor Preço Hoje! Lista de produtos ganhando Pricing Match contra concorrentes!","19/01/2026 00:00:00","31/12/2026 23:59:59","Home & Garden","Brazil","...","https://www.awin1.com/cread.php?awinmid=118895&awinaffid=2104315&ued=https%3A%2F%2Fwww.lojadomecanico.com.br%2Fhotsite%2Fmelhor-preco-hoje","https://www.lojadomecanico.com.br/hotsite/melhor-preco-hoje","","","no","19/01/2026 13:05:59","Melhor Preço Hoje! Lista de produtos ganhando Pricing Match contra concorrentes!",""
"3684660","Loja do Mecanico BR","118895","promotion","","Mais de R$1 Milhão em Cupons de Desconto!","19/01/2026 00:00:00","31/12/2026 23:59:59","Home & Garden","Brazil","...","https://www.awin1.com/cread.php?awinmid=118895&awinaffid=2104315&ued=https%3A%2F%2Fwww.lojadomecanico.com.br%2Fcupom-de-desconto","https://www.lojadomecanico.com.br/cupom-de-desconto","","","no","19/01/2026 13:05:41","Mais de R$1 Milhão em Cupons de Desconto!",""
"3634212","Loja do Mecanico BR","118895","promotion","","Entrega Expressa > Comprou Hoje. Chegou Amanhã!","15/12/2025 00:00:00","31/12/2026 23:59:59","Creative & Construction","Brazil","..","https://www.awin1.com/cread.php?awinmid=118895&awinaffid=2104315&ued=https%3A%2F%2Fwww.lojadomecanico.com.br%2Fhotsite%2Fretira-e-ganhe","https://www.lojadomecanico.com.br/hotsite/retira-e-ganhe","","","no","15/12/2025 17:44:13","Entrega Expressa > Comprou Hoje. Chegou Amanhã!",""
"3634192","Loja do Mecanico BR","118895","promotion","","Landing Page de Frete Grátis","15/12/2025 00:00:00","31/12/2026 23:59:59","Creative & Construction","Brazil","..","https://www.awin1.com/cread.php?awinmid=118895&awinaffid=2104315&ued=https%3A%2F%2Fwww.lojadomecanico.com.br%2Fbuscar%2Ffrete-gratis","https://www.lojadomecanico.com.br/buscar/frete-gratis","","","no","15/12/2025 17:42:32","Landing Page de Frete Grátis",""
"3634190","Loja do Mecanico BR","118895","promotion","","Produtos em até 12x Sem Juros! Produtos que estão em campanha de PREÇO ÚNICO no site/app.","15/12/2025 00:00:00","31/12/2026 23:59:59","Creative & Construction","Brazil","..","https://www.awin1.com/cread.php?awinmid=118895&awinaffid=2104315&ued=https%3A%2F%2Fwww.lojadomecanico.com.br%2Fhotsite%2Fprodutos-ate-12x-sem-juros","https://www.lojadomecanico.com.br/hotsite/produtos-ate-12x-sem-juros","","","no","15/12/2025 17:42:20","Produtos em até 12x Sem Juros! Produtos que estão em campanha de PREÇO ÚNICO no site/app.",""
"3634188","Loja do Mecanico BR","118895","promotion","","Melhor Preço Hoje! Lista de produtos ganhando Pricing Match contra concorrentes!","15/12/2025 00:00:00","31/12/2026 23:59:59","Creative & Construction","Brazil","..","https://www.awin1.com/cread.php?awinmid=118895&awinaffid=2104315&ued=https%3A%2F%2Fwww.lojadomecanico.com.br%2Fhotsite%2Fmelhor-preco-hoje","https://www.lojadomecanico.com.br/hotsite/melhor-preco-hoje","","","no","15/12/2025 17:42:11","Melhor Preço Hoje! Lista de produtos ganhando Pricing Match contra concorrentes!",""
"3634186","Loja do Mecanico BR","118895","promotion","","Mais de R$1 Milhão em Cupons de Desconto!","15/12/2025 00:00:00","31/12/2026 23:59:59","Creative & Construction","Brazil","..","https://www.awin1.com/cread.php?awinmid=118895&awinaffid=2104315&ued=https%3A%2F%2Fwww.lojadomecanico.com.br%2Fcupom-de-desconto","https://www.lojadomecanico.com.br/cupom-de-desconto","","","no","15/12/2025 17:42:00","Mais de R$1 Milhão em Cupons de Desconto!",""
"3575456","Chilli Beans BR","78310","voucher","BEMVINDO10","Desconto exclusivo para primeira compra no site, não cumulativo e não aplicável para categoria de acessórios","19/11/2025 16:47:00","31/12/2026 23:59:00","Women's Accessories","All Regions","10% Off na primeira compra
Desconto exclusivo para primeira compra no site, não cumulativo e não aplicável para categoria de acessórios","https://www.awin1.com/cread.php?awinmid=78310&awinaffid=2104315&ued=https%3A%2F%2Floja.chillibeans.com.br%2F","https://loja.chillibeans.com.br/","","","no","19/11/2025 16:47:03","10% Off na primeira compra",""
"3575284","Ropo BR","119649","voucher","ROPO10OFF","10% OFF - Não cumulativo com outros descontos; Válido para toda linha Ropo, exceto peças","19/11/2025 14:00:00","18/11/2026 13:57:00","Vacuum Cleaners,Other Appliances,House Accessories,Power Tools","All Regions","Não cumulativo com outros descontos;
Válido para toda linha Ropo, exceto peças.","https://www.awin1.com/cread.php?awinmid=119649&awinaffid=2104315&ued=https%3A%2F%2Fwww.ropo.com.br%2F","https://www.ropo.com.br/","","","no","19/11/2025 14:00:26","10% Off",""
"3402663","Lauri Esporte","118977","promotion","","Em qualquer compra em nossa loja, tenha frete grátis","25/08/2025 18:35:00","31/12/2026 18:34:00","Men's Footwear,Women's Footwear","All Regions","","https://www.awin1.com/cread.php?awinmid=118977&awinaffid=2104315&ued=https%3A%2F%2Fwww.lauriesporte.com.br%2F","https://www.lauriesporte.com.br/","","","no","25/08/2025 18:35:13","Frete Grátis para todo Brasil",""
"3383739","Lauri Esporte","118977","voucher","AWIN10","Utilize o cupom para receber 10% off em qualquer compra no site","13/08/2025 15:27:00","13/11/2026 15:25:00","Men's Footwear,Women's Footwear","Brazil","10% de desconto em todo site
Este desconto é cumulativo com o desconto em pagamento por PIX e Boleto, ou seja, pagando no Pix o cliente pode ter até 20% de desconto.","https://www.awin1.com/cread.php?awinmid=118977&awinaffid=2104315&ued=https%3A%2F%2Fwww.lauriesporte.com.br%2F","https://www.lauriesporte.com.br/","","","no","13/08/2025 15:27:39","10% De Desconto Em Todo Site",""
"2576042","Spicy BR","30615","voucher","100FRETE","cupom de frete grátis válido apenas para a primeira compra.","06/02/2024 16:15:00","31/12/2026 16:13:00","House Accessories","All Regions","Cupom de frete grátis válido apenas para primeira compra.
Válido para produtos vendidos e entregues por Spicy.","https://www.awin1.com/cread.php?awinmid=30615&awinaffid=2104315&ued=https%3A%2F%2Fwww.spicy.com.br%2F","https://www.spicy.com.br/","","","no","06/02/2024 16:15:01","Cupom de frete grátis",""
"2565806","Brinox Shop BR","25279","voucher","JOGOSDEPANELASBRINOX","Cupom de desconto 10% Destinado à categoria JOGOS DE PANELAS com o cupom JOGOSDEPANELASBRINOX para produtos não promocionados |+5%OFF no PIX ou BOLETO | Frete Grátis para pedidos a partir de R$ 249 para Sul, Sudeste e Centro Oeste | Parcelamento em até 10x sem juros","30/01/2024 17:33:00","24/02/9999 00:00:00","House Accessories,Cookware & Utensils","All Regions","-","https://www.awin1.com/cread.php?awinmid=25279&awinaffid=2104315&ued=https%3A%2F%2Fwww.brinoxshop.com.br%2F","https://www.brinoxshop.com.br/","","","no","30/01/2024 17:33:00","Cupom de desconto 10% Destinado à categoria JOGOS DE PANELAS com o cupom JOGOSDEPANELASBRINOX para produtos não promocionados |+5%OFF no PIX ou BOLETO | Frete Grátis para pedidos a partir de R$ 249 para Sul, Sudeste e Centro Oeste | Parcelamento em até 10x sem juros",""
"2348543","C&A BR","17648","voucher","AFILIADOS10","8% OFF em Apparel, beleza, óculos e relógios no site em compras a partir de R$ 199 | 10% OFF em Apparel, beleza, óculos e relógios no APP em compras a partir de R$ 199","25/08/2023 13:32:00","01/01/2030 23:59:00","General Clothing","Brazil",".","https://www.awin1.com/cread.php?awinmid=17648&awinaffid=2104315&ued=https%3A%2F%2Fwww.cea.com.br%2F","https://www.cea.com.br/","","","no","25/08/2023 13:32:31","8% OFF em Apparel, beleza, óculos e relógios no site em compras a partir de R$ 199 | 10% OFF em Apparel, beleza, óculos e relógios no APP em compras a partir de R$ 199",""
"2152833","Brinox Shop BR","25279","voucher","PANELASBRINOX","Cupom de 10% OFF em toda categoria de panelas","03/04/2023 07:55:00","23/02/9999 00:00:00","Anniversary Gifts,Wedding Gifts,House Accessories,Cookware & Utensils","All Regions","+5%OFF no PIX ou BOLETO | Frete Grátis para pedidos a partir de R$ 199 para Sul e Sudeste | Parcelamento em até 12x sem juros","https://www.awin1.com/cread.php?awinmid=25279&awinaffid=2104315&ued=https%3A%2F%2Fwww.brinoxshop.com.br%2Fpanelas","https://www.brinoxshop.com.br/panelas","","","no","03/04/2023 07:55:14","Cupom de 10% OFF em toda categoria de panelas",""
"1833313","Lego BR","30511","voucher","100frete","válido apenas para primeira compra do site","02/08/2022 12:52:00","31/12/2027 23:59:00","Baby Toys,Games, Puzzles & Learning,Other Toys","All Regions","cupom de frete grátis válido apenas para primeira compra.","https://www.awin1.com/cread.php?awinmid=30511&awinaffid=2104315&ued=https%3A%2F%2Fwww.legombrinq.com.br%2F","https://www.legombrinq.com.br/","","","no","02/08/2022 12:52:33","Cupom de frete grátis",""
